pokemon,move
venusaur,Frenzy Plant
charmeleon,Scratch
charizard,Ember
charizard,Wing Attack
charizard,Dragon Breath
charizard,Blast Burn
charizard,Flamethrower
blastoise,Hydro Cannon
butterfree,Bug Bite
beedrill,Bug Bite
beedrill,Drill Run
pidgeot,Wing Attack
pidgeot,Gust
pidgeot,Air Cutter
spearow,Twister
fearow,Twister
ekans,Gunk Shot
pikachu,Present
pikachu,Surf
pikachu,Thunder
raichu,Thunder
sandshrew,Rock Tomb
sandslash,Night Slash
nidoking,Fury Cutter
clefable,Pound
ninetales,Ember
ninetales,Fire Blast
ninetales,Flamethrower
jigglypuff,Play Rough
jigglypuff,Body Slam
zubat,Sludge Bomb
golbat,Ominous Wind
parasect,Bug Bite
venomoth,Bug Bite
meowth,Body Slam
persian,Night Slash
primeape,Karate Chop
primeape,Cross Chop
primeape,Rage Fist
arcanine,Bite
arcanine,Bulldoze
poliwhirl,Scald
poliwrath,Counter
poliwrath,Submission
alakazam,Counter
alakazam,Dazzling Gleam
alakazam,Psychic
machop,Low Kick
machoke,Cross Chop
machamp,Karate Chop
machamp,Stone Edge
machamp,Submission
machamp,Payback
weepinbell,Razor Leaf
victreebel,Magical Leaf
graveler,Rock Slide
ponyta,Fire Blast
rapidash,Ember
rapidash,Wild Charge
slowbro,Surf
farfetchd,Cut
doduo,Swift
dodrio,Air Cutter
seel,Water Gun
seel,Aqua Jet
dewgong,Ice Shard
dewgong,Aqua Jet
dewgong,Icy Wind
muk,Lick
cloyster,Blizzard
gastly,Sucker Punch
gastly,Ominous Wind
haunter,Lick
gengar,Lick
gengar,Sludge Wave
gengar,Dark Pulse
gengar,Psychic
gengar,Shadow Punch
onix,Iron Head
onix,Rock Slide
hypno,Psyshock
kingler,Mud Shot
voltorb,Signal Beam
electrode,Tackle
exeggutor,Zen Headbutt
hitmonlee,Stomp
hitmonlee,Brick Break
hitmonchan,Rock Smash
hitmonchan,Brick Break
lickitung,Body Slam
rhydon,Megahorn
tangela,Power Whip
kangaskhan,Brick Break
kangaskhan,Stomp
seadra,Blizzard
seaking,Poison Jab
seaking,Icy Wind
seaking,Drill Run
starmie,Tackle
scyther,Steel Wing
scyther,Bug Buzz
jynx,Pound
jynx,Ice Punch
pinsir,Submission
gyarados,Dragon Tail
gyarados,Dragon Pulse
gyarados,Aqua Tail
lapras,Ice Shard
lapras,Dragon Pulse
lapras,Ice Beam
eevee,Last Resort
eevee,Body Slam
vaporeon,Last Resort
vaporeon,Scald
jolteon,Last Resort
jolteon,Zap Cannon
flareon,Last Resort
flareon,Heat Wave
flareon,Superpower
porygon,Tackle
porygon,Zen Headbutt
porygon,Signal Beam
porygon,Psybeam
porygon,Discharge
omanyte,Rock Tomb
omanyte,Brine
omastar,Rock Throw
omastar,Rock Slide
kabutops,Fury Cutter
snorlax,Yawn
articuno,Hurricane
zapdos,Thunder Shock
moltres,Sky Attack
dragonite,Draco Meteor
dragonite,Dragon Pulse
mewtwo,Psystrike
mewtwo,Shadow Ball
mewtwo,Hyper Beam
meganium,Frenzy Plant
typhlosion,Blast Burn
feraligatr,Water Gun
feraligatr,Hydro Cannon
cleffa,Psychic
cleffa,Body Slam
igglybuff,Body Slam
togepi,Zen Headbutt
togetic,Steel Wing
togetic,Zen Headbutt
ampharos,Dragon Pulse
politoed,Earthquake
politoed,Ice Beam
jumpluff,Acrobatics
quagsire,Aqua Tail
espeon,Last Resort
espeon,Shadow Ball
umbreon,Last Resort
umbreon,Psychic
slowking,Surf
kingdra,Water Gun
smoochum,Frost Breath
elekid,Thunderbolt
magby,Flamethrower
blissey,Wild Charge
tyranitar,Smack Down
lugia,Aeroblast
ho oh,Earthquake
ho oh,Sacred Fire
celebi,Magical Leaf
sceptile,Frenzy Plant
blaziken,Blast Burn
blaziken,Stone Edge
swampert,Hydro Cannon
shiftry,Bullet Seed
gardevoir,Synchronoise
breloom,Grass Knot
slaking,Body Slam
shedinja,Struggle Bug
flygon,Earth Power
altaria,Moonblast
absol,Brutal Swing
walrein,Powder Snow
walrein,Icicle Spear
salamence,Outrage
metagross,Meteor Mash
regirock,Earthquake
regice,Thunder
registeel,Zap Cannon
latias,Mist Ball
latios,Luster Purge
kyogre,Origin Pulse
groudon,Fire Punch
groudon,Precipice Blades
rayquaza,Hurricane
rayquaza,Breaking Swipe
torterra,Frenzy Plant
infernape,Blast Burn
empoleon,Hydro Cannon
staraptor,Gust
bidoof,Shadow Ball
bidoof,Thunderbolt
bidoof,Ice Beam
bidoof,Superpower
luxray,Psychic Fangs
roserade,Bullet Seed
roserade,Weather Ball (Fire)
garchomp,Earth Power
lucario,Force Palm
lickilicky,Body Slam
rhyperior,Rock Wrecker
electivire,Flamethrower
magmortar,Thunderbolt
togekiss,Aura Sphere
leafeon,Bullet Seed
leafeon,Last Resort
glaceon,Last Resort
glaceon,Water Pulse
mamoswine,Ancient Power
porygon z,Tri Attack
gallade,Synchronoise
dusknoir,Shadow Ball
heatran,Magma Storm
giratina,Shadow Force
giratina altered,Shadow Force
giratina origin,Shadow Force
cresselia,Grass Knot
darkrai,Sludge Bomb
serperior,Frenzy Plant
emboar,Blast Burn
samurott,Hydro Cannon
gigalith,Meteor Beam
conkeldurr,Brutal Swing
leavanny,Shadow Claw
vanilluxe,Avalanche
escavalier,Razor Shell
eelektross,Volt Switch
chandelure,Poltergeist
haxorus,Breaking Swipe
accelgor,Energy Ball
mienfoo,High Jump Kick
hydreigon,Brutal Swing
cobalion,Sacred Sword
terrakion,Sacred Sword
virizion,Sacred Sword
tornadus therian,Bleakwind Storm
thundurus therian,Wildbolt Storm
reshiram,Fusion Flare
zekrom,Fusion Bolt
landorus therian,Sandsear Storm
kyurem,Glaciate
chesnaught,Frenzy Plant
delphox,Blast Burn
greninja,Hydro Cannon
talonflame,Incinerate
sylveon,Last Resort
sylveon,Psyshock
goodra,Thunder Punch
noivern,Boomburst
xerneas,Geomancy
yveltal,Oblivion Wing
decidueye,Frenzy Plant
incineroar,Blast Burn
primarina,Hydro Cannon
charjabug,Volt Switch
vikavolt,Volt Switch
bewear,Drain Punch
tsareena,High Jump Kick
tapu koko,Nature's Madness
tapu lele,Nature's Madness
tapu bulu,Nature's Madness
tapu fini,Nature's Madness
melmetal,Double Iron Bash
corviknight,Iron Head
obstagoon,Obstruct
ursaluna,High Horsepower
meowscarada,Frenzy Plant
skeledirge,Blast Burn
pawmot,Brick Break
annihilape,Rage Fist
clodsire,Megahorn
