name,hp,atk,def,type1,type2
Abomasnow,207,178,158,Grass,Ice
Abra,93,195,82,Psychic,
Absol,163,246,120,Dark,
Accelgor,190,220,120,Bug,
Aegislash Blade,155,272,97,Ghost,Steel
Aegislash Shield,155,97,272,Ghost,Steel
Aerodactyl,190,221,159,Rock,Flying
Aggron,172,198,257,Steel,Rock
Aipom,146,136,112,Normal,
Alakazam,146,271,167,Psychic,
Alolan Diglett,67,108,81,Ground,Steel
Alolan Dugtrio,111,201,142,Ground,Steel
Alolan Exeggutor,216,230,153,Grass,Psychic
Alolan Geodude,120,132,132,Rock,Electric
Alolan Golem,190,211,198,Rock,Electric
Alolan Graveler,146,164,164,Rock,Electric
Alolan Grimer,190,135,90,Poison,Dark
Alolan Marowak,155,144,186,Fire,Ghost
Alolan Meowth,120,99,78,Dark,
Alolan Muk,233,190,172,Poison,Dark
Alolan Ninetales,177,170,193,Ice,Fairy
Alolan Persian,163,158,136,Dark,
Alolan Raichu,155,201,154,Electric,Psychic
Alolan Raticate,181,135,154,Dark,Normal
Alolan Rattata,102,103,70,Dark,Normal
Alolan Sandshrew,137,125,129,Ice,Steel
Alolan Sandslash,181,177,195,Ice,Steel
Alolan Vulpix,116,96,109,Ice,Fairy
Alomomola,338,138,131,Water,
Altaria,181,141,201,Dragon,Flying
Amaura,184,124,109,Rock,Ice
Ambipom,181,205,143,Normal,
Amoonguss,249,155,139,Grass,Poison
Ampharos,207,211,169,Electric,
Annihilape,242,220,178,Fighting,Ghost
Anorith,128,176,100,Rock,Bug
Araquanid,169,126,219,Water,Bug
Arbok,155,167,153,Poison,
Arboliva,186,219,189,Grass,Normal
Arcanine,207,227,166,Fire,
Arceus,237,238,238,Normal,
Archen,146,213,89,Rock,Flying
Archeops,181,292,139,Rock,Flying
Archuladon,207,250,215,Dragon,Steel
Arctibax,207,173,128,Dragon,Ice
Ariados,172,161,124,Bug,Poison
Armaldo,181,222,174,Rock,Bug
Armarouge,198,234,185,Fire,Psychic
Aromatisse,226,173,150,Fairy,
Aron,137,121,141,Steel,Rock
Articuno,207,192,236,Ice,Flying
Ash-Greninja,176,339,155,Water,Dark
Audino,230,114,163,Normal,
Aurorus,265,186,163,Rock,Ice
Avalugg,216,196,240,Ice,
Axew,130,154,101,Dragon,
Azelf,181,270,151,Psychic,
Azumarill,225,112,152,Water,Fairy
Azurill,137,36,71,Normal,Fairy
Bagon,128,134,93,Dragon,
Baltoy,120,77,124,Ground,Psychic
Banette,162,218,126,Ghost,
Barbaracle,176,194,205,Rock,Water
Barboach,137,93,82,Water,Ground
Basculegion,260,217,144,Water,Ghost
Basculin,172,189,129,Water,
Bastiodon,155,94,286,Rock,Steel
Baxcalibur,229,254,168,Dragon,Ice
Bayleef,155,122,155,Grass,
Beartic,216,233,152,Ice,
Beautifly,155,189,98,Bug,Flying
Beedrill,163,169,130,Bug,Poison
Beheeyem,181,221,163,Psychic,
Beldum,120,96,132,Steel,Psychic
Bellibolt,240,184,165,Electric,
Bellossom,181,169,186,Grass,
Bellsprout,137,139,61,Grass,Poison
Bergmite,146,117,120,Ice,
Bewear,260,226,141,Normal,Fighting
Bibarel,188,162,119,Normal,Water
Bidoof,153,80,73,Normal,
Binacle,123,96,120,Rock,Water
Bisharp,163,232,176,Dark,Steel
Blacephalon,142,315,148,Fire,Ghost
Blastoise,188,171,207,Water,
Blaziken,190,240,141,Fire,Fighting
Blissey,496,129,169,Normal,
Blitzle,128,118,64,Electric,
Boldore,172,174,143,Rock,
Bombirdier,172,198,172,Flying,Dark
Bonsly,137,124,133,Rock,
Bouffalant,216,195,182,Normal,
Bounsweet,123,55,69,Grass,
Braixen,153,171,130,Fire,
Braviary,225,232,152,Normal,Flying
Breloom,155,241,144,Grass,Fighting
Brionne,155,168,145,Water,
Bronzong,167,161,213,Steel,Psychic
Bronzor,149,43,154,Steel,Psychic
Brute Bonnet,190,232,244,Grass,Dark
Bruxish,169,208,145,Water,Psychic
Budew,120,91,109,Grass,Poison
Buizel,146,132,67,Water,
Bulbasaur,128,118,111,Grass,Poison
Buneary,146,130,105,Normal,
Bunnelby,116,68,72,Normal,
Burmy,120,53,83,Bug,
Butterfree,155,167,137,Bug,Flying
Buzzwole,216,236,196,Bug,Fighting
Cacnea,137,156,74,Grass,
Cacturne,172,221,115,Grass,Dark
Calyrex,225,162,162,Psychic,Grass
Calyrex Ice Rider,205,268,246,Psychic,Ice
Calyrex Shadow Rider,205,324,194,Psychic,Ghost
Camerupt,172,194,136,Fire,Ground
Carbink,137,95,285,Rock,Fairy
Carnivine,179,187,136,Grass,
Carracosta,179,192,197,Water,Rock
Carvanha,128,171,39,Water,Dark
Cascoon,137,60,77,Bug,
Castform,172,139,139,Normal,
Caterpie,128,55,55,Bug,
Celebi,225,210,210,Psychic,Grass
Celesteela,219,207,199,Steel,Flying
Ceruledge,181,239,189,Fire,Ghost
Cetitan,347,208,123,Ice,
Cetoddle,239,119,80,Ice,
Chandelure,155,271,182,Ghost,Fire
Chansey,487,60,128,Normal,
Charcadet,120,92,74,Fire,
Charizard,186,223,173,Fire,Flying
Charjabug,149,145,161,Bug,Electric
Charmander,118,116,93,Fire,
Charmeleon,151,158,126,Fire,
Chatot,183,183,91,Normal,Flying
Cherrim,172,170,153,Grass,
Cherubi,128,108,92,Grass,
Chesnaught,204,201,204,Grass,Fighting
Chespin,148,110,106,Grass,
Chi-Yu,146,269,221,Dark,Fire
Chien-Pao,190,261,167,Dark,Ice
Chikorita,128,92,122,Grass,
Chimchar,127,113,86,Fire,
Chimecho,181,175,170,Psychic,
Chinchou,181,106,97,Water,Electric
Chingling,128,114,94,Psychic,
Cinccino,181,198,130,Normal,
Cinderace,190,238,163,Fire,
Clamperl,111,133,135,Water,
Clauncher,137,108,117,Water,
Clawitzer,174,221,171,Water,
Claydol,155,140,229,Ground,Psychic
Clefable,216,178,162,Fairy,
Clefairy,172,107,108,Fairy,
Cleffa,137,75,79,Fairy,
Clodsire,277,127,151,Poison,Ground
Cloyster,137,186,256,Water,Ice
Cobalion,209,192,229,Steel,Fighting
Cofagrigus,151,163,237,Ghost,
Combee,102,59,83,Bug,Flying
Combusken,155,163,115,Fire,Fighting
Comfey,139,165,215,Fairy,
Conkeldurr,233,243,158,Fighting,
Corphish,125,141,99,Water,
Corsola,146,118,156,Water,Rock
Cosmoem,125,54,242,Psychic,
Cosmog,125,54,57,Psychic,
Cottonee,120,71,111,Grass,Fairy
Crabominable,219,231,138,Fighting,Ice
Crabrawler,132,150,104,Fighting,
Cradily,200,152,194,Rock,Grass
Cranidos,167,218,71,Rock,
Crawdaunt,160,224,142,Water,Dark
Cresselia,260,152,258,Psychic,
Croagunk,134,116,76,Poison,Fighting
Crobat,198,194,178,Poison,Flying
Crocalor,191,162,134,Fire,
Croconaw,163,150,142,Water,
Crustle,172,188,200,Bug,Rock
Cryogonal,190,190,218,Ice,
Cubchoo,146,128,74,Ice,
Cubone,137,90,144,Ground,
Cutiefly,120,110,81,Bug,Fairy
Cyclizar,172,205,142,Dragon,Normal
Cyndaquil,118,116,93,Fire,
Darkrai,172,285,198,Dark,
Darmanitan,233,263,114,Fire,
Darmanitan Zen,233,243,202,Fire,
Dartrix,186,142,139,Grass,Flying
Darumaka,172,153,86,Fire,
Decidueye,186,210,179,Grass,Ghost
Dedenne,167,164,134,Electric,Fairy
Deerling,155,115,100,Normal,Grass
Deino,141,116,93,Dark,Dragon
Delcatty,172,132,127,Normal,
Delibird,128,128,90,Ice,Flying
Delphox,181,230,189,Fire,Psychic
Deoxys,137,345,115,Psychic,
Deoxys Attack,137,414,46,Psychic,
Deoxys Defense,137,144,330,Psychic,
Deoxys Speed,137,230,218,Psychic,
Dewgong,207,139,177,Water,Ice
Dewott,181,159,116,Water,
Dewpider,116,72,117,Water,Bug
Dhelmise,172,233,179,Ghost,Grass
Dialga,205,275,211,Steel,Dragon
Dialga Origin,205,270,225,Steel,Dragon
Diancie,137,190,285,Rock,Fairy
Diggersby,198,112,155,Normal,Ground
Diglett,67,109,78,Ground,
Dipplin,190,173,184,Grass,Dragon
Ditto,134,91,91,Normal,
Dodrio,155,218,140,Normal,Flying
Doduo,111,158,83,Normal,Flying
Dolliv,141,137,131,Grass,Normal
Dondozo,312,176,178,Water,
Donphan,207,214,185,Ground,
Doublade,153,188,206,Steel,Ghost
Dragalge,163,177,207,Poison,Dragon
Dragapult,204,266,170,Dragon,Ghost
Dragonair,156,163,135,Dragon,
Dragonite,209,263,198,Dragon,Flying
Drakloak,169,163,105,Dragon,Ghost
Drampa,186,231,164,Normal,Dragon
Drapion,172,180,202,Poison,Dark
Dratini,121,119,91,Dragon,
Dreepy,99,117,61,Dragon,Ghost
Drifblim,312,180,102,Ghost,Flying
Drifloon,207,117,80,Ghost,Flying
Drilbur,155,154,85,Ground,
Drizzile,163,186,113,Water,
Drowzee,155,89,136,Psychic,
Druddigon,184,213,170,Dragon,
Dubwool,176,159,198,Normal,
Ducklett,158,84,96,Water,Flying
Dudunsparce,268,188,150,Normal,
Dugtrio,111,167,136,Ground,
Dunsparce,225,131,128,Normal,
Duosion,163,208,103,Psychic,
Durant,151,217,188,Bug,Steel
Dusclops,120,124,234,Ghost,
Dusknoir,128,180,254,Ghost,
Duskull,85,70,162,Ghost,
Dustox,155,98,162,Bug,Poison
Dwebble,137,118,128,Bug,Rock
Eelektrik,163,156,130,Electric,
Eelektross,198,217,152,Electric,
Eevee,146,104,114,Normal,
Ekans,111,110,97,Poison,
Electabuzz,163,198,158,Electric,
Electivire,181,249,163,Electric,
Electrike,120,123,78,Electric,
Electrode,155,173,173,Electric,
Elekid,128,135,101,Electric,
Elgyem,146,148,100,Psychic,
Emboar,242,235,127,Fire,Fighting
Emolga,146,158,127,Electric,Flying
Empoleon,197,210,186,Water,Steel
Enamorus Incarnate,179,281,162,Fairy,Flying
Enamorus Therian,179,250,201,Fairy,Flying
Entei,251,235,171,Fire,
Escavalier,172,223,187,Bug,Steel
Espeon,163,261,175,Psychic,
Espurr,158,120,114,Psychic,
Eternatus,268,278,192,Poison,Dragon
Excadrill,242,255,129,Ground,Steel
Exeggcute,155,107,125,Grass,Psychic
Exeggutor,216,233,149,Grass,Psychic
Exploud,232,179,137,Normal,
Falinks,163,193,170,Fighting,
Farfetch'd,141,124,115,Normal,Flying
Farigiraf,260,209,136,Normal,Psychic
Fearow,163,182,133,Normal,Flying
Feebas,85,29,85,Water,
Fennekin,120,116,102,Fire,
Feraligatr,198,205,188,Water,
Ferroseed,127,82,155,Grass,Steel
Ferrothorn,179,158,223,Grass,Steel
Fezandipiti,186,169,208,Poison,Fairy
Finneon,135,96,116,Water,
Flaaffy,172,145,109,Electric,
Flabébé,127,108,120,Fairy,
Flamigo,193,227,145,Flying,Fighting
Flareon,163,246,179,Fire,
Fletchinder,158,145,110,Fire,Flying
Fletchling,128,95,80,Normal,Flying
Floatzel,198,221,114,Water,
Floette,144,136,151,Fairy,
Floragato,156,157,128,Grass,
Florges,186,212,244,Fairy,
Flutter Mane,146,280,235,Ghost,Fairy
Flygon,190,205,168,Ground,Dragon
Fomantis,120,100,64,Grass,
Foongus,170,97,91,Grass,Poison
Forretress,181,161,205,Bug,Steel
Fraxure,165,212,123,Dragon,
Frigibax,163,134,86,Dragon,Ice
Frillish,146,115,134,Water,Ghost
Froakie,121,122,84,Water,
Frogadier,144,168,114,Water,
Froslass,172,171,150,Ice,Ghost
Fuecoco,167,112,96,Fire,
Furfrou,181,164,167,Normal,
Furret,198,148,125,Normal,
Gabite,169,172,125,Dragon,Ground
Galarian Articuno,207,250,197,Psychic,Flying
Galarian Darmanitan,233,263,114,Ice,
Galarian Darmanitan Zen,233,323,123,Fire,Ice
Galarian Darumaka,172,153,86,Ice,
Galarian Farfetch'd,141,174,114,Fighting,
Galarian Linoone,186,142,128,Dark,Normal
Galarian Meowth,137,115,92,Dark,
Galarian Moltres,207,202,231,Dark,Flying
Galarian Mr. Mime,137,183,169,Ice,Psychic
Galarian Ponyta,137,170,127,Psychic,
Galarian Rapidash,163,207,162,Psychic,Fairy
Galarian Slowbro,216,182,156,Psychic,Poison
Galarian Slowking,216,190,180,Poison,Psychic
Galarian Slowpoke,207,109,98,Poison,Psychic
Galarian Stunfisk,240,144,171,Steel,Ground
Galarian Weezing,163,174,197,Poison,Fairy
Galarian Yamask,116,95,141,Ghost,
Galarian Zapdos,207,252,189,Fighting,Flying
Galarian Zigzagoon,116,58,80,Dark,Normal
Gallade,169,237,195,Psychic,Fighting
Galvantula,172,201,128,Bug,Electric
Garbodor,190,181,164,Poison,
Garchomp,239,261,193,Dragon,Ground
Gardevoir,169,237,195,Psychic,Fairy
Gastly,102,186,67,Ghost,Poison
Gastrodon,244,169,143,Water,Ground
Genesect,174,252,199,Bug,Steel
Gengar,155,261,149,Ghost,Poison
Geodude,120,132,132,Rock,Ground
Gholdengo,202,252,190,Steel,Ghost
Gible,151,124,84,Dragon,Ground
Gigalith,198,226,201,Rock,
Gimmighoul Roaming,128,140,76,Ghost,
Girafarig,172,182,133,Normal,Psychic
Giratina Altered,284,187,225,Ghost,Dragon
Giratina Origin,284,225,187,Ghost,Dragon
Glaceon,163,238,205,Ice,
Glalie,190,162,162,Ice,
Glameow,135,109,82,Normal,
Gligar,163,143,184,Ground,Flying
Glimmet,134,187,104,Rock,Poison
Glimmora,195,246,177,Rock,Poison
Gliscor,181,185,222,Ground,Flying
Gloom,155,153,136,Grass,Poison
Gogoat,265,196,146,Grass,
Golbat,181,161,150,Poison,Flying
Goldeen,128,123,110,Water,
Golduck,190,191,162,Water,
Golem,190,211,198,Rock,Ground
Golett,153,127,92,Ground,Ghost
Golisopod,181,218,226,Bug,Water
Golurk,205,222,154,Ground,Ghost
Goodra,207,220,242,Dragon,
Goomy,128,101,112,Dragon,
Gorebyss,146,211,179,Water,
Gothita,128,98,112,Psychic,
Gothitelle,172,176,205,Psychic,
Gothorita,155,137,153,Psychic,
Gouging Fire,213,205,208,Fire,Dragon
Gourgeist Average,163,175,213,Grass,Ghost
Gourgeist Large,181,179,206,Grass,Ghost
Gourgeist Small,146,171,219,Grass,Ghost
Gourgeist Super,198,182,200,Grass,Ghost
Granbull,207,212,131,Fairy,
Graveler,146,164,164,Rock,Ground
Great Tusk,251,249,209,Ground,Fighting
Greavard,137,105,106,Ghost,
Greedent,260,160,156,Normal,
Greninja,176,223,152,Water,Dark
Grimer,190,135,90,Poison,
Grookey,137,122,91,Grass,
Grotle,181,157,143,Grass,
Groudon,205,270,228,Ground,
Grovyle,137,172,120,Grass,
Growlithe,146,136,93,Fire,
Grubbin,132,115,85,Bug,
Grumpig,190,171,188,Psychic,
Gulpin,172,80,99,Poison,
Gumshoos,204,194,113,Normal,
Gurdurr,198,180,134,Fighting,
Guzzlord,440,188,99,Dark,Dragon
Gyarados,216,237,186,Water,Flying
Hakamo-o,146,145,162,Dragon,Fighting
Happiny,225,25,77,Normal,
Hariyama,302,209,114,Fighting,
Haunter,128,223,107,Ghost,Poison
Hawlucha,186,195,153,Fighting,Flying
Haxorus,183,284,172,Dragon,
Heatmor,198,204,129,Fire,
Heatran,209,251,213,Fire,Steel
Heliolisk,158,219,168,Electric,Normal
Helioptile,127,115,78,Electric,Normal
Heracross,190,234,179,Bug,Fighting
Herdier,163,145,126,Normal,
Hippopotas,169,124,118,Ground,
Hippowdon,239,201,191,Ground,
Hisuian Arcanine,216,232,165,Rock,Fire
Hisuian Basculin,172,189,129,Water,
Hisuian Braviary,242,213,137,Psychic,Flying
Hisuian Decidueye,204,213,174,Grass,Fighting
Hisuian Electrode,155,176,176,Grass,Electric
Hisuian Growlithe,155,142,92,Rock,Fire
Hisuian Lilligant,172,208,159,Grass,Fighting
Hisuian Qwilfish,163,184,151,Dark,Poison
Hisuian Samurott,207,218,152,Dark,Water
Hisuian Sneasel,146,189,146,Poison,Fighting
Hisuian Typhlosion,177,238,172,Fire,Ghost
Hisuian Voltorb,120,109,111,Grass,Electric
Hisuian Zorark,146,261,128,Ghost,Normal
Hisuian Zorua,111,162,79,Ghost,Normal
Hitmonchan,137,193,197,Fighting,
Hitmonlee,137,224,181,Fighting,
Hitmontop,137,173,207,Fighting,
Ho-oh,214,239,244,Fire,Flying
Honchkrow,225,243,103,Dark,Flying
Honedge,128,135,139,Steel,Ghost
Hoopa Confined,173,261,187,Psychic,Dark
Hoopa Unbound,173,311,191,Psychic,Dark
Hoothoot,155,67,88,Normal,Flying
Hoppip,111,67,94,Grass,Flying
Horsea,102,129,103,Water,
Houndoom,181,224,144,Dark,Fire
Houndour,128,152,83,Dark,Fire
Houndstone,176,186,195,Ghost,
Huntail,146,197,179,Water,
Hydrapple,235,216,186,Grass,Dragon
Hydreigon,211,256,188,Dark,Dragon
Hypno,198,144,193,Psychic,
Igglybuff,207,69,32,Normal,Fairy
Illumise,163,143,166,Bug,
Incineroar,216,214,175,Fire,Dark
Infernape,183,222,151,Fire,Fighting
Inkay,142,98,95,Dark,Psychic
Inteleon,142,262,172,Water,
Iron Boulder,189,227,195,Rock,Psychic
Iron Bundle,148,266,211,Ice,Water
Iron Crown,189,221,200,Steel,Psychic
Iron Hands,319,245,177,Fighting,Electric
Iron Jugulis,214,249,179,Dark,Flying
Iron Leaves,207,259,213,Grass,Psychic
Iron Moth,190,281,196,Fire,Poison
Iron Thorns,225,250,200,Rock,Electric
Iron Treads,207,227,216,Ground,Steel
Iron Valiant,179,279,171,Fairy,Fighting
Ivysaur,155,151,143,Grass,Poison
Jangmo-o,128,102,108,Dragon,
Jellicent,225,159,178,Water,Ghost
Jigglypuff,251,80,41,Normal,Fairy
Jirachi,225,210,210,Steel,Psychic
Jolteon,163,232,182,Electric,
Joltik,137,110,98,Bug,Electric
Jumpluff,181,118,183,Grass,Flying
Jynx,163,223,151,Ice,Psychic
Kabuto,102,148,140,Rock,Water
Kabutops,155,220,186,Rock,Water
Kadabra,120,232,117,Psychic,
Kakuna,128,46,75,Bug,Poison
Kangaskhan,233,181,165,Normal,
Karrablast,137,137,87,Bug,
Kartana,139,323,182,Grass,Steel
Kecleon,155,161,189,Normal,
Keldeo,209,260,192,Water,Fighting
Keldeo Resolute,209,260,192,Water,Fighting
Kingambit,203,238,225,Dark,Steel
Kingdra,181,194,194,Water,Dragon
Kingler,146,240,181,Water,
Kirlia,116,117,90,Psychic,Fairy
Klang,155,150,174,Steel,
Kleavor,172,253,174,Bug,Rock
Klefki,149,160,179,Steel,Fairy
Klink,120,98,121,Steel,
Klinklang,155,199,214,Steel,
Koffing,120,119,141,Poison,
Komala,163,216,165,Normal,
Kommo-o,181,222,240,Dragon,Fighting
Koraidon,205,263,223,Fighting,Dragon
Krabby,102,181,124,Water,
Kricketot,114,45,74,Bug,
Kricketune,184,160,100,Bug,
Krokorok,155,155,90,Ground,Dark
Krookodile,216,229,158,Ground,Dark
Kubfu,150,170,112,Fighting,
Kyogre,205,270,228,Water,
Kyurem,245,246,170,Dragon,Ice
Kyurem Black,245,310,183,Dragon,Ice
Kyurem White,245,310,183,Dragon,Ice
Lairon,155,158,198,Steel,Rock
Lampent,155,169,115,Ghost,Fire
Landorus Incarnate,205,261,182,Ground,Flying
Landorus Therian,205,289,179,Ground,Flying
Lanturn,268,146,137,Water,Electric
Lapras,277,165,174,Water,Ice
Larvesta,146,156,107,Bug,Fire
Larvitar,137,115,93,Rock,Ground
Latias,190,228,246,Dragon,Psychic
Latios,190,268,212,Dragon,Psychic
Leafeon,163,216,219,Grass,
Leavanny,181,205,165,Bug,Grass
Lechonk,144,81,79,Normal,
Ledian,146,107,179,Bug,Flying
Ledyba,120,72,118,Bug,Flying
Lickilicky,242,161,181,Normal,
Lickitung,207,108,137,Normal,
Liepard,162,187,106,Dark,
Lileep,165,105,150,Rock,Grass
Lilligant,172,214,155,Grass,
Lillipup,128,107,86,Normal,
Linoone,186,142,128,Normal,
Litleo,158,139,112,Fire,Normal
Litten,128,128,79,Fire,
Litwick,137,108,98,Ghost,Fire
Lokix,174,199,144,Bug,Dark
Lombre,155,112,119,Water,Grass
Lopunny,163,156,194,Normal,
Lotad,120,71,77,Water,Grass
Loudred,197,134,81,Normal,
Lucario,172,236,144,Fighting,Steel
Ludicolo,190,173,176,Water,Grass
Lugia,235,193,310,Psychic,Flying
Lumineon,170,142,170,Water,
Lunala,264,255,191,Psychic,Ghost
Lunatone,207,178,153,Rock,Psychic
Lurantis,172,192,169,Grass,
Luvdisc,125,81,128,Water,
Luxio,155,159,95,Electric,
Luxray,190,232,156,Electric,
Lycanroc Dusk,181,234,139,Rock,
Lycanroc Midday,181,231,140,Rock,
Lycanroc Midnight,198,218,152,Rock,
Machamp,207,234,159,Fighting,
Machoke,190,177,125,Fighting,
Machop,172,137,82,Fighting,
Magby,128,151,99,Fire,
Magcargo,137,139,191,Fire,Rock
Magearna,190,246,225,Steel,Fairy
Magikarp,85,29,85,Water,
Magmar,163,206,154,Fire,
Magmortar,181,247,172,Fire,
Magnemite,93,165,121,Electric,Steel
Magneton,137,223,169,Electric,Steel
Magnezone,172,238,205,Electric,Steel
Makuhita,176,99,54,Fighting,
Malamar,200,177,165,Dark,Psychic
Mamoswine,242,247,146,Ice,Ground
Manaphy,225,210,210,Water,
Mandibuzz,242,129,205,Dark,Flying
Manectric,172,215,127,Electric,
Mankey,120,148,82,Fighting,
Mantine,163,148,226,Water,Flying
Mantyke,128,105,179,Water,Flying
Maractus,181,201,130,Grass,
Mareanie,137,98,110,Poison,Water
Mareep,146,114,79,Electric,
Marill,172,37,93,Water,Fairy
Marowak,155,144,186,Ground,
Marshadow,207,265,190,Fighting,Ghost
Marshtomp,172,156,133,Water,Ground
Masquerain,172,192,150,Bug,Flying
Mawile,137,155,141,Steel,Fairy
Medicham,155,121,152,Fighting,Psychic
Meditite,102,78,107,Fighting,Psychic
Mega Abomasnow,207,240,191,Grass,Ice
Mega Absol,163,314,130,Dark,
Mega Absol Z,163,332,138,Dark,Ghost
Mega Aerodactyl,190,292,210,Rock,Flying
Mega Aggron,172,247,331,Steel,
Mega Alakazam,146,367,207,Psychic,
Mega Altaria,181,222,218,Dragon,Fairy
Mega Ampharos,207,294,203,Electric,Dragon
Mega Audino,230,147,239,Normal,Fairy
Mega Banette,162,312,160,Ghost,
Mega Barbaracle,176,268,248,Rock,Fighting
Mega Baxcalibur,244,331,221,Dragon,Ice
Mega Beedrill,163,303,148,Bug,Poison
Mega Blastoise,188,264,237,Water,
Mega Blaziken,190,329,168,Fire,Fighting
Mega Camerupt,172,253,183,Fire,Ground
Mega Chandelure,155,335,227,Ghost,Fire
Mega Charizard X,186,273,213,Fire,Dragon
Mega Charizard Y,186,319,212,Fire,Flying
Mega Chesnaught,204,242,282,Grass,Fighting
Mega Chimecho,181,244,228,Psychic,Steel
Mega Clefable,216,253,205,Fairy,Flying
Mega Complete Zygarde,415,404,181,Dragon,Ground
Mega Crabominable,219,266,213,Fighting,Ice
Mega Darkrai,172,325,265,Dark,
Mega Delphox,181,331,235,Fire,Psychic
Mega Diancie,137,342,235,Rock,Fairy
Mega Dragalge,163,236,265,Poison,Dragon
Mega Dragonite,209,299,255,Dragon,Flying
Mega Drampa,186,278,210,Normal,Dragon
Mega Eelektross,198,291,175,Electric,
Mega Emboar,242,287,194,Fire,Fighting
Mega Eternal Floette,179,309,264,Fairy,
Mega Excadrill,242,322,184,Ground,Steel
Mega Falinks,163,267,229,Fighting,
Mega Feraligatr,198,304,227,Water,Dragon
Mega Froslass,172,289,194,Ice,Ghost
Mega Gallade,169,326,230,Psychic,Fighting
Mega Garchomp,239,339,222,Dragon,Ground
Mega Garchomp Z,239,321,196,Dragon,
Mega Gardevoir,169,326,229,Psychic,Fairy
Mega Gengar,155,349,199,Ghost,Poison
Mega Glalie,190,252,168,Ice,
Mega Glimmora,195,300,214,Rock,Poison
Mega Golisopod,181,260,287,Bug,Steel
Mega Golurk,205,284,202,Ground,Ghost
Mega Greninja,176,299,180,Water,Dark
Mega Gyarados,216,292,247,Water,Dark
Mega Hawlucha,186,280,212,Fighting,Flying
Mega Heatran,209,331,252,Fire,Steel
Mega Heracross,190,334,223,Bug,Fighting
Mega Houndoom,181,289,194,Dark,Fire
Mega Kangaskhan,233,246,210,Normal,
Mega Latias,190,289,297,Dragon,Psychic
Mega Latios,190,335,241,Dragon,Psychic
Mega Lopunny,163,282,214,Normal,Fighting
Mega Lucario,172,310,175,Fighting,Steel
Mega Lucario Z,172,359,161,Fighting,Steel
Mega Magearna,190,342,239,Steel,Fairy
Mega Malamar,200,208,222,Dark,Psychic
Mega Manectric,172,286,179,Electric,
Mega Mawile,137,188,217,Steel,Fairy
Mega Medicham,155,205,179,Fighting,Psychic
Mega Meganium,190,276,232,Grass,Fairy
Mega Meowstic,179,288,201,Psychic,
Mega Metagross,189,300,289,Steel,Psychic
Mega Mewtwo X,228,399,215,Psychic,Fighting
Mega Mewtwo Y,228,413,223,Psychic,
Mega Pidgeot,195,280,175,Normal,Flying
Mega Pinsir,163,305,231,Bug,Flying
Mega Pyroar,200,273,198,Fire,Normal
Mega Raichu X,155,277,203,Electric,
Mega Raichu Y,155,339,157,Electric,
Mega Rayquaza,227,377,210,Dragon,Flying
Mega Sableye,137,151,216,Dark,Ghost
Mega Salamence,216,310,251,Dragon,Flying
Mega Sceptile,172,320,186,Grass,Dragon
Mega Scizor,172,279,250,Bug,Steel
Mega Scolipede,155,257,254,Bug,Poison
Mega Scovillain,163,276,170,Grass,Fire
Mega Scrafty,163,238,266,Dark,Fighting
Mega Sharpedo,172,289,144,Water,Dark
Mega Skarmory,163,273,228,Steel,Flying
Mega Slowbro,216,224,259,Water,Psychic
Mega Staraptor,198,278,207,Fighting,Flying
Mega Starmie,155,303,229,Water,Psychic
Mega Steelix,181,212,327,Steel,Ground
Mega Swampert,225,283,218,Water,Ground
Mega Tatsugiri,169,262,232,Dragon,Water
Mega Tyranitar,225,309,276,Rock,Dark
Mega Venusaur,190,241,246,Grass,Poison
Mega Victreebel,190,265,181,Grass,Poison
Mega Zeraora,204,361,180,Electric,
Meganium,190,168,202,Grass,
Melmetal,264,226,190,Steel,
Meloetta Aria,225,250,225,Normal,Psychic
Meloetta Pirouette,225,269,188,Normal,Fighting
Meltan,130,118,99,Steel,
Meowscarada,183,233,153,Grass,Dark
Meowstic,179,166,167,Psychic,
Meowth,120,92,78,Normal,
Mesprit,190,212,212,Psychic,
Metagross,190,257,228,Steel,Psychic
Metang,155,138,176,Steel,Psychic
Metapod,137,45,80,Bug,
Mew,225,210,210,Psychic,
Mewtwo,214,300,182,Psychic,
Mewtwo Armored,214,182,278,Psychic,
Mienfoo,128,160,98,Fighting,
Mienshao,163,258,127,Fighting,
Mightyena,172,171,132,Dark,
Milotic,216,192,219,Water,
Miltank,216,157,193,Normal,
Mime Jr.,85,125,142,Psychic,Fairy
Mimikyu,146,177,199,Ghost,Fairy
Minccino,146,98,80,Normal,
Minior Core,155,218,131,Rock,Flying
Minior Meteor,155,116,194,Rock,Flying
Minun,155,147,150,Electric,
Miraidon,205,263,223,Electric,Dragon
Misdreavus,155,167,154,Ghost,
Mismagius,155,211,187,Ghost,
Moltres,207,251,181,Fire,Flying
Monferno,162,158,105,Fire,Fighting
Morelull,120,108,119,Grass,Fairy
Mothim,172,185,98,Bug,Flying
Mr. Mime,120,192,205,Psychic,Fairy
Mr. Rime,190,212,179,Ice,Psychic
Mudbray,172,175,121,Ground,
Mudkip,137,126,93,Water,
Mudsdale,225,214,174,Ground,
Muk,233,190,172,Poison,
Munchlax,286,137,117,Normal,
Munkidori,186,238,157,Poison,Psychic
Munna,183,111,92,Psychic,
Murkrow,155,175,87,Dark,Flying
Musharna,253,183,166,Psychic,
Naganadel,177,263,159,Poison,Dragon
Natu,120,134,89,Psychic,Flying
Necrozma,219,251,195,Psychic,
Necrozma Dawn Wings,200,277,220,Psychic,Ghost
Necrozma Dusk Mane,200,277,220,Psychic,Steel
Nidoking,191,204,156,Poison,Ground
Nidoqueen,207,180,173,Poison,Ground
Nidoran♀,146,86,89,Poison,
Nidoran♂,130,105,76,Poison,
Nidorina,172,117,120,Poison,
Nidorino,156,137,111,Poison,
Nihilego,240,249,210,Rock,Poison
Nincada,104,80,126,Bug,Ground
Ninetales,177,169,190,Fire,
Ninjask,156,199,112,Bug,Flying
Noctowl,225,145,156,Normal,Flying
Noibat,120,83,73,Flying,Dragon
Noivern,198,205,175,Flying,Dragon
Nosepass,102,82,215,Rock,
Numel,155,119,79,Fire,Ground
Nuzleaf,172,134,78,Grass,Dark
Nymble,107,81,65,Bug,
Obstagoon,212,180,194,Dark,Normal
Octillery,181,197,141,Water,
Oddish,128,131,112,Grass,Poison
Ogerpon,173,219,178,Grass,
Ogerpon Cornerstone,173,219,178,Grass,Rock
Ogerpon Hearthflame,173,219,178,Grass,Fire
Ogerpon Wellspring,173,219,178,Grass,Water
Oinkologne Female,251,169,162,Normal,
Oinkologne Male,242,186,153,Normal,
Okidogi,186,220,191,Poison,Fighting
Omanyte,111,155,153,Rock,Water
Omastar,172,207,201,Rock,Water
Onix,111,85,232,Rock,Ground
Oranguru,207,168,192,Normal,Psychic
Oricorio Baile,181,196,145,Flying,Fire
Oricorio Pa'u,181,196,145,Flying,Psychic
Oricorio Pom-Pom,181,196,145,Flying,Electric
Oricorio Sensu,181,196,145,Flying,Ghost
Orthworm,172,161,219,Steel,
Oshawott,146,117,85,Water,
Overqwil,198,222,171,Dark,Poison
Pachirisu,155,94,172,Electric,
Paldean Wooper,146,75,66,Poison,Ground
Palkia,189,280,215,Water,Dragon
Palkia Origin,189,286,223,Water,Dragon
Palossand,198,178,178,Ghost,Ground
Palpitoad,181,128,109,Water,Ground
Pancham,167,145,107,Fighting,
Pangoro,216,226,146,Fighting,Dark
Panpour,137,104,94,Water,
Pansage,137,104,94,Grass,
Pansear,137,104,94,Fire,
Paras,111,121,99,Bug,Grass
Parasect,155,165,146,Bug,Grass
Passimian,225,222,160,Fighting,
Patrat,128,98,73,Normal,
Pawmi,128,95,45,Electric,
Pawmo,155,147,82,Electric,Fighting
Pawmot,172,232,141,Electric,Fighting
Pawniard,128,154,114,Dark,Steel
Pecharunt,204,181,273,Poison,Ghost
Pelipper,155,175,174,Water,Flying
Perrserker,172,195,162,Steel,
Persian,163,150,136,Normal,
Petilil,128,119,91,Grass,
Phanpy,207,107,98,Ground,
Phantump,125,125,103,Ghost,Grass
Pheromosa,174,316,85,Bug,Fighting
Phione,190,162,162,Water,
Pichu,85,77,53,Electric,
Pidgeot,195,166,154,Normal,Flying
Pidgeotto,160,117,105,Normal,Flying
Pidgey,120,85,73,Normal,Flying
Pidove,137,98,80,Normal,Flying
Pignite,207,173,106,Fire,Fighting
Pikachu,111,112,96,Electric,
Pikipek,111,136,59,Normal,Flying
Piloswine,225,181,138,Ice,Ground
Pineco,137,108,122,Bug,
Pinsir,163,238,182,Bug,
Piplup,142,112,102,Water,
Plusle,155,167,129,Electric,
Poipole,167,145,133,Poison,
Politoed,207,174,179,Water,
Poliwag,120,101,82,Water,
Poliwhirl,163,130,123,Water,
Poliwrath,207,182,184,Water,Fighting
Poltchageist,96,134,120,Grass,Ghost
Ponyta,137,170,127,Fire,
Poochyena,111,96,61,Dark,
Popplio,137,120,103,Water,
Porygon,163,153,136,Normal,
Porygon-Z,198,264,150,Normal,
Porygon2,198,198,180,Normal,
Primal Groudon,218,353,268,Ground,Fire
Primal Kyogre,218,353,268,Water,
Primarina,190,232,195,Water,Fairy
Primeape,163,207,138,Fighting,
Prinplup,162,150,139,Water,
Probopass,155,135,275,Rock,Steel
Psyduck,137,122,95,Water,
Pumpkaboo Average,135,121,123,Ghost,Grass
Pumpkaboo Large,144,120,122,Ghost,Grass
Pumpkaboo Small,127,122,124,Ghost,Grass
Pumpkaboo Super,153,118,120,Ghost,Grass
Pupitar,172,155,133,Rock,Ground
Purrloin,121,98,73,Dark,
Purugly,174,172,133,Normal,
Pyroar,200,221,149,Fire,Normal
Pyukumuku,146,97,224,Water,
Quagsire,216,152,143,Water,Ground
Quaquaval,198,236,159,Water,Fighting
Quaxly,146,120,86,Water,
Quaxwell,172,162,123,Water,
Quilava,151,158,126,Fire,
Quilladin,156,146,156,Grass,
Qwilfish,163,184,138,Water,Poison
Raboot,163,170,125,Fire,
Raging Bolt,245,235,165,Electric,Dragon
Raichu,155,193,151,Electric,
Raikou,207,241,195,Electric,
Ralts,99,79,59,Psychic,Fairy
Rampardos,219,295,109,Rock,
Rapidash,163,207,162,Fire,
Raticate,146,161,139,Normal,
Rattata,102,103,70,Normal,
Rayquaza,213,284,170,Dragon,Flying
Regice,190,179,309,Ice,
Regidrago,400,202,101,Dragon,
Regieleki,190,250,125,Electric,
Regigigas,221,287,210,Normal,
Regirock,190,179,309,Rock,
Registeel,190,143,285,Steel,
Relicanth,225,162,203,Water,Rock
Remoraid,111,127,69,Water,
Reshiram,205,275,211,Dragon,Fire
Reuniclus,242,214,148,Psychic,
Revavroom,190,229,168,Steel,Poison
Rhydon,233,222,171,Ground,Rock
Rhyhorn,190,140,127,Ground,Rock
Rhyperior,251,241,190,Ground,Rock
Ribombee,155,198,146,Bug,Fairy
Rillaboom,225,239,168,Grass,
Riolu,120,127,78,Fighting,
Roaring Moon,233,280,196,Dragon,Dark
Rockruff,128,117,78,Rock,
Roggenrola,146,121,110,Rock,
Roselia,137,186,131,Grass,Poison
Roserade,155,243,185,Grass,Poison
Rotom,137,185,159,Electric,Ghost
Rotom Fan,137,204,219,Electric,Flying
Rotom Frost,137,204,219,Electric,Ice
Rotom Heat,137,204,219,Electric,Fire
Rotom Mow,137,204,219,Electric,Grass
Rotom Wash,137,204,219,Electric,Water
Rowlet,169,102,99,Grass,Flying
Rufflet,172,150,97,Normal,Flying
Runerigus,151,163,237,Ground,Ghost
Sableye,137,141,136,Dark,Ghost
Salamence,216,277,168,Dragon,Flying
Salandit,134,136,80,Poison,Fire
Salazzle,169,228,130,Poison,Fire
Samurott,216,212,157,Water,
Sandile,137,132,69,Ground,Dark
Sandshrew,137,126,120,Ground,
Sandslash,181,182,175,Ground,
Sandy Shocks,198,244,195,Electric,Ground
Sandygast,146,120,118,Ghost,Ground
Sawk,181,231,153,Fighting,
Sawsbuck,190,198,146,Normal,Grass
Scatterbug,116,63,63,Bug,
Sceptile,172,223,169,Grass,
Scizor,172,236,181,Bug,Steel
Scolipede,155,203,175,Bug,Poison
Scorbunny,137,132,79,Fire,
Scrafty,163,163,222,Dark,Fighting
Scraggy,137,132,132,Dark,Fighting
Scream Tail,234,139,251,Fairy,Psychic
Scyther,172,218,170,Bug,Flying
Seadra,146,187,156,Water,
Seaking,190,175,147,Water,
Sealeo,207,137,132,Ice,Water
Seedot,120,71,77,Grass,
Seel,163,85,121,Water,
Seismitoad,233,188,150,Water,Ground
Sentret,111,79,73,Normal,
Serperior,181,161,204,Grass,
Servine,155,122,152,Grass,
Seviper,177,196,118,Poison,
Sewaddle,128,96,124,Bug,Grass
Sharpedo,172,243,83,Water,Dark
Shaymin,225,210,210,Grass,
Shaymin Sky,225,261,166,Grass,Flying
Shedinja,1,153,73,Bug,Ghost
Shelgon,163,172,155,Dragon,
Shellder,102,116,134,Water,
Shellos,183,103,105,Water,
Shelmet,137,72,140,Bug,
Shieldon,102,76,195,Rock,Steel
Shiftry,207,200,121,Grass,Dark
Shiinotic,155,154,168,Grass,Fairy
Shinx,128,117,64,Electric,
Shroomish,155,74,110,Grass,
Shuckle,85,17,396,Bug,Rock
Shuppet,127,138,65,Ghost,
Sigilyph,176,204,167,Psychic,Flying
Silcoon,137,60,77,Bug,
Silvally,216,198,198,Normal,
Simipour,181,206,133,Water,
Simisage,181,206,133,Grass,
Simisear,181,206,133,Fire,
Sinistea,190,225,174,Ghost,
Sirfetch’d,158,248,176,Fighting,
Skarmory,163,148,226,Steel,Flying
Skeledirge,232,207,178,Fire,Ghost
Skiddo,165,123,102,Grass,
Skiploom,146,91,120,Grass,Flying
Skitty,137,84,79,Normal,
Skorupi,120,93,151,Poison,Bug
Skrelp,137,109,109,Poison,Water
Skuntank,230,184,132,Poison,Dark
Skwovet,172,95,86,Normal,
Slaking,284,290,166,Normal,
Slakoth,155,104,92,Normal,
Sliggoo,169,159,176,Dragon,
Slither Wing,198,261,193,Bug,Fighting
Slowbro,216,177,180,Water,Psychic
Slowking,216,177,180,Water,Psychic
Slowpoke,207,109,98,Water,Psychic
Slugma,120,118,71,Fire,
Slurpuff,193,168,163,Fairy,
Smeargle,146,40,83,Normal,
Smoliv,121,100,89,Grass,Normal
Smoochum,128,153,91,Ice,Psychic
Sneasel,146,189,146,Dark,Ice
Sneasler,190,259,158,Fighting,Poison
Snivy,128,88,107,Grass,
Snorlax,330,190,169,Normal,
Snorunt,137,95,95,Ice,
Snover,155,115,105,Grass,Ice
Snubbull,155,137,85,Fairy,
Sobble,137,132,79,Water,
Solgaleo,264,255,191,Psychic,Steel
Solosis,128,170,83,Psychic,
Solrock,207,178,153,Rock,Psychic
Spearow,120,112,60,Normal,Flying
Spewpa,128,48,89,Bug,
Spheal,172,95,90,Ice,Water
Spinarak,120,105,73,Bug,Poison
Spinda,155,116,116,Normal,
Spiritomb,137,169,199,Ghost,Dark
Spoink,155,125,122,Psychic,
Sprigatito,120,116,99,Grass,
Spritzee,186,110,113,Fairy,
Squirtle,127,94,121,Water,
Stakataka,156,213,298,Rock,Steel
Stantler,177,192,131,Normal,
Staraptor,198,234,140,Normal,Flying
Staravia,146,142,94,Normal,Flying
Starly,120,101,58,Normal,Flying
Starmie,155,210,184,Water,Psychic
Staryu,102,137,112,Water,
Steelix,181,148,272,Steel,Ground
Steenee,141,78,94,Grass,
Stoutland,198,206,182,Normal,
Stufful,172,136,95,Normal,Fighting
Stunfisk,240,144,171,Ground,Electric
Stunky,160,121,90,Poison,Dark
Sudowoodo,172,167,176,Rock,
Suicune,225,180,235,Water,
Sunflora,181,185,135,Grass,
Sunkern,102,55,55,Grass,
Surskit,120,93,87,Bug,Water
Swablu,128,76,132,Normal,Flying
Swadloon,146,115,162,Bug,Grass
Swalot,225,140,159,Poison,
Swampert,225,208,175,Water,Ground
Swanna,181,182,132,Water,Flying
Swellow,155,185,124,Normal,Flying
Swinub,137,90,69,Ice,Ground
Swirlix,158,109,119,Fairy,
Swoobat,167,161,119,Psychic,Flying
Sylveon,216,203,205,Fairy,
Tadbulb,156,104,73,Electric,
Taillow,120,106,61,Normal,Flying
Talonflame,186,176,155,Fire,Flying
Tangela,163,183,169,Grass,
Tangrowth,225,207,184,Grass,
Tapu Bulu,172,249,215,Grass,Fairy
Tapu Fini,172,189,254,Water,Fairy
Tapu Koko,172,250,181,Electric,Fairy
Tapu Lele,172,259,208,Psychic,Fairy
Tatsugiri,169,226,166,Dragon,Water
Tauros,181,198,183,Normal,
Teddiursa,155,142,93,Normal,
Tentacool,120,97,149,Water,Poison
Tentacruel,190,166,209,Water,Poison
Tepig,163,115,85,Fire,
Terapagos,207,126,165,Normal,
Terrakion,209,260,192,Rock,Fighting
Throh,260,172,160,Fighting,
Thundurus Incarnate,188,266,164,Electric,Flying
Thundurus Therian,188,295,161,Electric,Flying
Thwackey,172,165,134,Grass,
Timburr,181,134,87,Fighting,
Ting-Lu,321,194,203,Dark,Ground
Tinkatink,137,85,110,Fairy,Steel
Tinkaton,198,155,196,Fairy,Steel
Tinkatuff,163,109,145,Fairy,Steel
Tirtouga,144,134,146,Water,Rock
Togedemaru,163,190,145,Electric,Steel
Togekiss,198,225,217,Fairy,Flying
Togepi,111,67,116,Fairy,
Togetic,146,139,181,Fairy,Flying
Torchic,128,130,87,Fire,
Torkoal,172,151,203,Fire,
Tornadus Incarnate,188,266,164,Flying,
Tornadus Therian,188,238,189,Flying,
Torracat,163,174,103,Fire,
Torterra,216,202,188,Grass,Ground
Totodile,137,117,109,Water,
Toucannon,190,222,146,Normal,Flying
Toxapex,137,114,273,Poison,Water
Toxicroak,195,211,133,Poison,Fighting
Tranquill,158,144,107,Normal,Flying
Trapinch,128,162,78,Ground,
Treecko,120,124,94,Grass,
Trevenant,198,201,154,Ghost,Grass
Tropius,223,136,163,Grass,Flying
Trubbish,137,96,122,Poison,
Trumbeak,146,159,100,Normal,Flying
Tsareena,176,222,195,Grass,
Turtonator,155,165,215,Fire,Dragon
Turtwig,146,119,110,Grass,
Tympole,137,98,78,Water,
Tynamo,111,105,78,Electric,
Type: Null,216,184,184,Normal,
Typhlosion,186,223,173,Fire,
Tyranitar,225,251,207,Rock,Dark
Tyrantrum,193,227,191,Rock,Dragon
Tyrogue,111,64,64,Fighting,
Tyrunt,151,158,123,Rock,Dragon
Ultra Necrozma,200,337,196,Psychic,Dragon
Umbreon,216,126,240,Dark,
Unfezant,190,226,146,Normal,Flying
Unown,134,136,91,Psychic,
Ursaluna,277,243,181,Ground,Normal
Ursaring,207,236,144,Normal,
Urshifu Rapid Strike,225,254,177,Water,Fighting
Urshifu Single Strike,225,254,177,Dark,Fighting
Uxie,181,156,270,Psychic,
Vanillish,139,151,138,Ice,
Vanillite,113,118,106,Ice,
Vanilluxe,174,218,184,Ice,
Vaporeon,277,205,161,Water,
Varoom,128,123,107,Steel,Poison
Veluza,207,196,139,Water,Psychic
Venipede,102,83,99,Bug,Poison
Venomoth,172,179,143,Bug,Poison
Venonat,155,100,100,Bug,Poison
Venusaur,190,198,189,Grass,Poison
Vespiquen,172,149,190,Bug,Flying
Vibrava,137,134,99,Ground,Dragon
Victini,225,210,210,Psychic,Fire
Victreebel,190,207,135,Grass,Poison
Vigoroth,190,159,145,Normal,
Vikavolt,184,254,158,Bug,Electric
Vileplume,181,202,167,Grass,Poison
Virizion,209,192,229,Grass,Fighting
Vivillon,190,176,103,Bug,Flying
Volbeat,163,143,166,Bug,
Volcanion,190,252,216,Fire,Water
Volcarona,198,264,189,Bug,Fire
Voltorb,120,109,111,Electric,
Vullaby,172,105,139,Dark,Flying
Vulpix,116,96,109,Fire,
Wailmer,277,136,68,Water,
Wailord,347,175,87,Water,
Walking Wake,188,256,188,Water,Dragon
Walrein,242,182,176,Ice,Water
Wartortle,153,126,155,Water,
Watchog,155,165,139,Normal,
Weavile,172,243,171,Dark,Ice
Weedle,120,63,50,Bug,Poison
Weepinbell,163,172,92,Grass,Poison
Weezing,163,174,197,Poison,
Whimsicott,155,164,176,Grass,Fairy
Whirlipede,120,100,173,Bug,Poison
Whiscash,242,151,141,Water,Ground
Whismur,162,92,42,Normal,
Wigglytuff,295,156,90,Normal,Fairy
Wiglett,67,109,52,Water,
Wimpod,93,67,74,Bug,Water
Wingull,120,106,61,Water,Flying
Wishiwashi School,128,255,242,water,
Wishiwashi Solo,128,46,43,water,
Wo-Chien,198,186,242,Dark,Grass
Wobbuffet,382,60,106,Psychic,
Woobat,163,107,85,Psychic,Flying
Wooloo,123,76,97,Normal,
Wooper,146,75,66,Water,Ground
Wormadam Plant,155,141,180,bug,grass
Wormadam Sandy,155,141,180,bug,ground
Wormadam Trash,155,127,175,bug,steel
Wugtrio,111,205,136,Water,
Wurmple,128,75,59,Bug,
Wynaut,216,41,86,Psychic,
Wyrdeer,230,206,145,Normal,Psychic
Xatu,163,192,146,Psychic,Flying
Xerneas,246,250,185,Fairy,
Xurkitree,195,330,144,Electric,
Yamask,116,95,141,Ghost,
Yanma,163,154,94,Bug,Flying
Yanmega,200,231,156,Bug,Flying
Yungoos,134,122,56,Normal,
Yveltal,246,250,185,Dark,Flying
Zacian Crown,192,332,240,Fairy,Steel
Zacian Hero,192,254,236,Fairy,
Zamazenta Crown,192,250,292,Fighting,Steel
Zamazenta Hero,192,254,236,Fighting,
Zangoose,177,222,124,Normal,
Zapdos,207,253,185,Electric,Flying
Zarude,233,242,215,Dark,Grass
Zebstrika,181,211,136,Electric,
Zekrom,205,275,211,Dragon,Electric
Zeraora,204,252,177,Electric,
Zigzagoon,116,58,80,Normal,
Zoroark,155,250,127,Dark,
Zorua,120,153,78,Dark,
Zubat,120,83,73,Poison,Flying
Zweilous,176,159,135,Dark,Dragon
Zygarde 10%,144,205,173,Dragon,Ground
Zygarde 50%,239,203,232,Dragon,Ground
Zygarde Complete,389,184,207,Dragon,Ground
Shadow Abomasnow,207,178,158,Grass,Ice
Shadow Abra,93,195,82,Psychic,
Shadow Absol,163,246,120,Dark,
Shadow Accelgor,190,220,120,Bug,
Shadow Aegislash Blade,155,272,97,Ghost,Steel
Shadow Aegislash Shield,155,97,272,Ghost,Steel
Shadow Aerodactyl,190,221,159,Rock,Flying
Shadow Aggron,172,198,257,Steel,Rock
Shadow Aipom,146,136,112,Normal,
Shadow Alakazam,146,271,167,Psychic,
Shadow Alolan Diglett,67,108,81,Ground,Steel
Shadow Alolan Dugtrio,111,201,142,Ground,Steel
Shadow Alolan Exeggutor,216,230,153,Grass,Psychic
Shadow Alolan Geodude,120,132,132,Rock,Electric
Shadow Alolan Golem,190,211,198,Rock,Electric
Shadow Alolan Graveler,146,164,164,Rock,Electric
Shadow Alolan Grimer,190,135,90,Poison,Dark
Shadow Alolan Marowak,155,144,186,Fire,Ghost
Shadow Alolan Meowth,120,99,78,Dark,
Shadow Alolan Muk,233,190,172,Poison,Dark
Shadow Alolan Ninetales,177,170,193,Ice,Fairy
Shadow Alolan Persian,163,158,136,Dark,
Shadow Alolan Raichu,155,201,154,Electric,Psychic
Shadow Alolan Raticate,181,135,154,Dark,Normal
Shadow Alolan Rattata,102,103,70,Dark,Normal
Shadow Alolan Sandshrew,137,125,129,Ice,Steel
Shadow Alolan Sandslash,181,177,195,Ice,Steel
Shadow Alolan Vulpix,116,96,109,Ice,Fairy
Shadow Alomomola,338,138,131,Water,
Shadow Altaria,181,141,201,Dragon,Flying
Shadow Amaura,184,124,109,Rock,Ice
Shadow Ambipom,181,205,143,Normal,
Shadow Amoonguss,249,155,139,Grass,Poison
Shadow Ampharos,207,211,169,Electric,
Shadow Annihilape,242,220,178,Fighting,Ghost
Shadow Anorith,128,176,100,Rock,Bug
Shadow Araquanid,169,126,219,Water,Bug
Shadow Arbok,155,167,153,Poison,
Shadow Arboliva,186,219,189,Grass,Normal
Shadow Arcanine,207,227,166,Fire,
Shadow Arceus,237,238,238,Normal,
Shadow Archen,146,213,89,Rock,Flying
Shadow Archeops,181,292,139,Rock,Flying
Shadow Archuladon,207,250,215,Dragon,Steel
Shadow Arctibax,207,173,128,Dragon,Ice
Shadow Ariados,172,161,124,Bug,Poison
Shadow Armaldo,181,222,174,Rock,Bug
Shadow Armarouge,198,234,185,Fire,Psychic
Shadow Aromatisse,226,173,150,Fairy,
Shadow Aron,137,121,141,Steel,Rock
Shadow Articuno,207,192,236,Ice,Flying
Shadow Ash-Greninja,176,339,155,Water,Dark
Shadow Audino,230,114,163,Normal,
Shadow Aurorus,265,186,163,Rock,Ice
Shadow Avalugg,216,196,240,Ice,
Shadow Axew,130,154,101,Dragon,
Shadow Azelf,181,270,151,Psychic,
Shadow Azumarill,225,112,152,Water,Fairy
Shadow Azurill,137,36,71,Normal,Fairy
Shadow Bagon,128,134,93,Dragon,
Shadow Baltoy,120,77,124,Ground,Psychic
Shadow Banette,162,218,126,Ghost,
Shadow Barbaracle,176,194,205,Rock,Water
Shadow Barboach,137,93,82,Water,Ground
Shadow Basculegion,260,217,144,Water,Ghost
Shadow Basculin,172,189,129,Water,
Shadow Bastiodon,155,94,286,Rock,Steel
Shadow Baxcalibur,229,254,168,Dragon,Ice
Shadow Bayleef,155,122,155,Grass,
Shadow Beartic,216,233,152,Ice,
Shadow Beautifly,155,189,98,Bug,Flying
Shadow Beedrill,163,169,130,Bug,Poison
Shadow Beheeyem,181,221,163,Psychic,
Shadow Beldum,120,96,132,Steel,Psychic
Shadow Bellibolt,240,184,165,Electric,
Shadow Bellossom,181,169,186,Grass,
Shadow Bellsprout,137,139,61,Grass,Poison
Shadow Bergmite,146,117,120,Ice,
Shadow Bewear,260,226,141,Normal,Fighting
Shadow Bibarel,188,162,119,Normal,Water
Shadow Bidoof,153,80,73,Normal,
Shadow Binacle,123,96,120,Rock,Water
Shadow Bisharp,163,232,176,Dark,Steel
Shadow Blacephalon,142,315,148,Fire,Ghost
Shadow Blastoise,188,171,207,Water,
Shadow Blaziken,190,240,141,Fire,Fighting
Shadow Blissey,496,129,169,Normal,
Shadow Blitzle,128,118,64,Electric,
Shadow Boldore,172,174,143,Rock,
Shadow Bombirdier,172,198,172,Flying,Dark
Shadow Bonsly,137,124,133,Rock,
Shadow Bouffalant,216,195,182,Normal,
Shadow Bounsweet,123,55,69,Grass,
Shadow Braixen,153,171,130,Fire,
Shadow Braviary,225,232,152,Normal,Flying
Shadow Breloom,155,241,144,Grass,Fighting
Shadow Brionne,155,168,145,Water,
Shadow Bronzong,167,161,213,Steel,Psychic
Shadow Bronzor,149,43,154,Steel,Psychic
Shadow Brute Bonnet,190,232,244,Grass,Dark
Shadow Bruxish,169,208,145,Water,Psychic
Shadow Budew,120,91,109,Grass,Poison
Shadow Buizel,146,132,67,Water,
Shadow Bulbasaur,128,118,111,Grass,Poison
Shadow Buneary,146,130,105,Normal,
Shadow Bunnelby,116,68,72,Normal,
Shadow Burmy,120,53,83,Bug,
Shadow Butterfree,155,167,137,Bug,Flying
Shadow Buzzwole,216,236,196,Bug,Fighting
Shadow Cacnea,137,156,74,Grass,
Shadow Cacturne,172,221,115,Grass,Dark
Shadow Calyrex,225,162,162,Psychic,Grass
Shadow Calyrex Ice Rider,205,268,246,Psychic,Ice
Shadow Calyrex Shadow Rider,205,324,194,Psychic,Ghost
Shadow Camerupt,172,194,136,Fire,Ground
Shadow Carbink,137,95,285,Rock,Fairy
Shadow Carnivine,179,187,136,Grass,
Shadow Carracosta,179,192,197,Water,Rock
Shadow Carvanha,128,171,39,Water,Dark
Shadow Cascoon,137,60,77,Bug,
Shadow Castform,172,139,139,Normal,
Shadow Caterpie,128,55,55,Bug,
Shadow Celebi,225,210,210,Psychic,Grass
Shadow Celesteela,219,207,199,Steel,Flying
Shadow Ceruledge,181,239,189,Fire,Ghost
Shadow Cetitan,347,208,123,Ice,
Shadow Cetoddle,239,119,80,Ice,
Shadow Chandelure,155,271,182,Ghost,Fire
Shadow Chansey,487,60,128,Normal,
Shadow Charcadet,120,92,74,Fire,
Shadow Charizard,186,223,173,Fire,Flying
Shadow Charjabug,149,145,161,Bug,Electric
Shadow Charmander,118,116,93,Fire,
Shadow Charmeleon,151,158,126,Fire,
Shadow Chatot,183,183,91,Normal,Flying
Shadow Cherrim,172,170,153,Grass,
Shadow Cherubi,128,108,92,Grass,
Shadow Chesnaught,204,201,204,Grass,Fighting
Shadow Chespin,148,110,106,Grass,
Shadow Chi-Yu,146,269,221,Dark,Fire
Shadow Chien-Pao,190,261,167,Dark,Ice
Shadow Chikorita,128,92,122,Grass,
Shadow Chimchar,127,113,86,Fire,
Shadow Chimecho,181,175,170,Psychic,
Shadow Chinchou,181,106,97,Water,Electric
Shadow Chingling,128,114,94,Psychic,
Shadow Cinccino,181,198,130,Normal,
Shadow Cinderace,190,238,163,Fire,
Shadow Clamperl,111,133,135,Water,
Shadow Clauncher,137,108,117,Water,
Shadow Clawitzer,174,221,171,Water,
Shadow Claydol,155,140,229,Ground,Psychic
Shadow Clefable,216,178,162,Fairy,
Shadow Clefairy,172,107,108,Fairy,
Shadow Cleffa,137,75,79,Fairy,
Shadow Clodsire,277,127,151,Poison,Ground
Shadow Cloyster,137,186,256,Water,Ice
Shadow Cobalion,209,192,229,Steel,Fighting
Shadow Cofagrigus,151,163,237,Ghost,
Shadow Combee,102,59,83,Bug,Flying
Shadow Combusken,155,163,115,Fire,Fighting
Shadow Comfey,139,165,215,Fairy,
Shadow Conkeldurr,233,243,158,Fighting,
Shadow Corphish,125,141,99,Water,
Shadow Corsola,146,118,156,Water,Rock
Shadow Cosmoem,125,54,242,Psychic,
Shadow Cosmog,125,54,57,Psychic,
Shadow Cottonee,120,71,111,Grass,Fairy
Shadow Crabominable,219,231,138,Fighting,Ice
Shadow Crabrawler,132,150,104,Fighting,
Shadow Cradily,200,152,194,Rock,Grass
Shadow Cranidos,167,218,71,Rock,
Shadow Crawdaunt,160,224,142,Water,Dark
Shadow Cresselia,260,152,258,Psychic,
Shadow Croagunk,134,116,76,Poison,Fighting
Shadow Crobat,198,194,178,Poison,Flying
Shadow Crocalor,191,162,134,Fire,
Shadow Croconaw,163,150,142,Water,
Shadow Crustle,172,188,200,Bug,Rock
Shadow Cryogonal,190,190,218,Ice,
Shadow Cubchoo,146,128,74,Ice,
Shadow Cubone,137,90,144,Ground,
Shadow Cutiefly,120,110,81,Bug,Fairy
Shadow Cyclizar,172,205,142,Dragon,Normal
Shadow Cyndaquil,118,116,93,Fire,
Shadow Darkrai,172,285,198,Dark,
Shadow Darmanitan,233,263,114,Fire,
Shadow Darmanitan Zen,233,243,202,Fire,
Shadow Dartrix,186,142,139,Grass,Flying
Shadow Darumaka,172,153,86,Fire,
Shadow Decidueye,186,210,179,Grass,Ghost
Shadow Dedenne,167,164,134,Electric,Fairy
Shadow Deerling,155,115,100,Normal,Grass
Shadow Deino,141,116,93,Dark,Dragon
Shadow Delcatty,172,132,127,Normal,
Shadow Delibird,128,128,90,Ice,Flying
Shadow Delphox,181,230,189,Fire,Psychic
Shadow Deoxys,137,345,115,Psychic,
Shadow Deoxys Attack,137,414,46,Psychic,
Shadow Deoxys Defense,137,144,330,Psychic,
Shadow Deoxys Speed,137,230,218,Psychic,
Shadow Dewgong,207,139,177,Water,Ice
Shadow Dewott,181,159,116,Water,
Shadow Dewpider,116,72,117,Water,Bug
Shadow Dhelmise,172,233,179,Ghost,Grass
Shadow Dialga,205,275,211,Steel,Dragon
Shadow Dialga Origin,205,270,225,Steel,Dragon
Shadow Diancie,137,190,285,Rock,Fairy
Shadow Diggersby,198,112,155,Normal,Ground
Shadow Diglett,67,109,78,Ground,
Shadow Dipplin,190,173,184,Grass,Dragon
Shadow Ditto,134,91,91,Normal,
Shadow Dodrio,155,218,140,Normal,Flying
Shadow Doduo,111,158,83,Normal,Flying
Shadow Dolliv,141,137,131,Grass,Normal
Shadow Dondozo,312,176,178,Water,
Shadow Donphan,207,214,185,Ground,
Shadow Doublade,153,188,206,Steel,Ghost
Shadow Dragalge,163,177,207,Poison,Dragon
Shadow Dragapult,204,266,170,Dragon,Ghost
Shadow Dragonair,156,163,135,Dragon,
Shadow Dragonite,209,263,198,Dragon,Flying
Shadow Drakloak,169,163,105,Dragon,Ghost
Shadow Drampa,186,231,164,Normal,Dragon
Shadow Drapion,172,180,202,Poison,Dark
Shadow Dratini,121,119,91,Dragon,
Shadow Dreepy,99,117,61,Dragon,Ghost
Shadow Drifblim,312,180,102,Ghost,Flying
Shadow Drifloon,207,117,80,Ghost,Flying
Shadow Drilbur,155,154,85,Ground,
Shadow Drizzile,163,186,113,Water,
Shadow Drowzee,155,89,136,Psychic,
Shadow Druddigon,184,213,170,Dragon,
Shadow Dubwool,176,159,198,Normal,
Shadow Ducklett,158,84,96,Water,Flying
Shadow Dudunsparce,268,188,150,Normal,
Shadow Dugtrio,111,167,136,Ground,
Shadow Dunsparce,225,131,128,Normal,
Shadow Duosion,163,208,103,Psychic,
Shadow Durant,151,217,188,Bug,Steel
Shadow Dusclops,120,124,234,Ghost,
Shadow Dusknoir,128,180,254,Ghost,
Shadow Duskull,85,70,162,Ghost,
Shadow Dustox,155,98,162,Bug,Poison
Shadow Dwebble,137,118,128,Bug,Rock
Shadow Eelektrik,163,156,130,Electric,
Shadow Eelektross,198,217,152,Electric,
Shadow Eevee,146,104,114,Normal,
Shadow Ekans,111,110,97,Poison,
Shadow Electabuzz,163,198,158,Electric,
Shadow Electivire,181,249,163,Electric,
Shadow Electrike,120,123,78,Electric,
Shadow Electrode,155,173,173,Electric,
Shadow Elekid,128,135,101,Electric,
Shadow Elgyem,146,148,100,Psychic,
Shadow Emboar,242,235,127,Fire,Fighting
Shadow Emolga,146,158,127,Electric,Flying
Shadow Empoleon,197,210,186,Water,Steel
Shadow Enamorus Incarnate,179,281,162,Fairy,Flying
Shadow Enamorus Therian,179,250,201,Fairy,Flying
Shadow Entei,251,235,171,Fire,
Shadow Escavalier,172,223,187,Bug,Steel
Shadow Espeon,163,261,175,Psychic,
Shadow Espurr,158,120,114,Psychic,
Shadow Eternatus,268,278,192,Poison,Dragon
Shadow Excadrill,242,255,129,Ground,Steel
Shadow Exeggcute,155,107,125,Grass,Psychic
Shadow Exeggutor,216,233,149,Grass,Psychic
Shadow Exploud,232,179,137,Normal,
Shadow Falinks,163,193,170,Fighting,
Shadow Farfetch'd,141,124,115,Normal,Flying
Shadow Farigiraf,260,209,136,Normal,Psychic
Shadow Fearow,163,182,133,Normal,Flying
Shadow Feebas,85,29,85,Water,
Shadow Fennekin,120,116,102,Fire,
Shadow Feraligatr,198,205,188,Water,
Shadow Ferroseed,127,82,155,Grass,Steel
Shadow Ferrothorn,179,158,223,Grass,Steel
Shadow Fezandipiti,186,169,208,Poison,Fairy
Shadow Finneon,135,96,116,Water,
Shadow Flaaffy,172,145,109,Electric,
Shadow Flabébé,127,108,120,Fairy,
Shadow Flamigo,193,227,145,Flying,Fighting
Shadow Flareon,163,246,179,Fire,
Shadow Fletchinder,158,145,110,Fire,Flying
Shadow Fletchling,128,95,80,Normal,Flying
Shadow Floatzel,198,221,114,Water,
Shadow Floette,144,136,151,Fairy,
Shadow Floragato,156,157,128,Grass,
Shadow Florges,186,212,244,Fairy,
Shadow Flutter Mane,146,280,235,Ghost,Fairy
Shadow Flygon,190,205,168,Ground,Dragon
Shadow Fomantis,120,100,64,Grass,
Shadow Foongus,170,97,91,Grass,Poison
Shadow Forretress,181,161,205,Bug,Steel
Shadow Fraxure,165,212,123,Dragon,
Shadow Frigibax,163,134,86,Dragon,Ice
Shadow Frillish,146,115,134,Water,Ghost
Shadow Froakie,121,122,84,Water,
Shadow Frogadier,144,168,114,Water,
Shadow Froslass,172,171,150,Ice,Ghost
Shadow Fuecoco,167,112,96,Fire,
Shadow Furfrou,181,164,167,Normal,
Shadow Furret,198,148,125,Normal,
Shadow Gabite,169,172,125,Dragon,Ground
Shadow Galarian Articuno,207,250,197,Psychic,Flying
Shadow Galarian Darmanitan,233,263,114,Ice,
Shadow Galarian Darmanitan Zen,233,323,123,Fire,Ice
Shadow Galarian Darumaka,172,153,86,Ice,
Shadow Galarian Farfetch'd,141,174,114,Fighting,
Shadow Galarian Linoone,186,142,128,Dark,Normal
Shadow Galarian Meowth,137,115,92,Dark,
Shadow Galarian Moltres,207,202,231,Dark,Flying
Shadow Galarian Mr. Mime,137,183,169,Ice,Psychic
Shadow Galarian Ponyta,137,170,127,Psychic,
Shadow Galarian Rapidash,163,207,162,Psychic,Fairy
Shadow Galarian Slowbro,216,182,156,Psychic,Poison
Shadow Galarian Slowking,216,190,180,Poison,Psychic
Shadow Galarian Slowpoke,207,109,98,Poison,Psychic
Shadow Galarian Stunfisk,240,144,171,Steel,Ground
Shadow Galarian Weezing,163,174,197,Poison,Fairy
Shadow Galarian Yamask,116,95,141,Ghost,
Shadow Galarian Zapdos,207,252,189,Fighting,Flying
Shadow Galarian Zigzagoon,116,58,80,Dark,Normal
Shadow Gallade,169,237,195,Psychic,Fighting
Shadow Galvantula,172,201,128,Bug,Electric
Shadow Garbodor,190,181,164,Poison,
Shadow Garchomp,239,261,193,Dragon,Ground
Shadow Gardevoir,169,237,195,Psychic,Fairy
Shadow Gastly,102,186,67,Ghost,Poison
Shadow Gastrodon,244,169,143,Water,Ground
Shadow Genesect,174,252,199,Bug,Steel
Shadow Gengar,155,261,149,Ghost,Poison
Shadow Geodude,120,132,132,Rock,Ground
Shadow Gholdengo,202,252,190,Steel,Ghost
Shadow Gible,151,124,84,Dragon,Ground
Shadow Gigalith,198,226,201,Rock,
Shadow Gimmighoul Roaming,128,140,76,Ghost,
Shadow Girafarig,172,182,133,Normal,Psychic
Shadow Giratina Altered,284,187,225,Ghost,Dragon
Shadow Giratina Origin,284,225,187,Ghost,Dragon
Shadow Glaceon,163,238,205,Ice,
Shadow Glalie,190,162,162,Ice,
Shadow Glameow,135,109,82,Normal,
Shadow Gligar,163,143,184,Ground,Flying
Shadow Glimmet,134,187,104,Rock,Poison
Shadow Glimmora,195,246,177,Rock,Poison
Shadow Gliscor,181,185,222,Ground,Flying
Shadow Gloom,155,153,136,Grass,Poison
Shadow Gogoat,265,196,146,Grass,
Shadow Golbat,181,161,150,Poison,Flying
Shadow Goldeen,128,123,110,Water,
Shadow Golduck,190,191,162,Water,
Shadow Golem,190,211,198,Rock,Ground
Shadow Golett,153,127,92,Ground,Ghost
Shadow Golisopod,181,218,226,Bug,Water
Shadow Golurk,205,222,154,Ground,Ghost
Shadow Goodra,207,220,242,Dragon,
Shadow Goomy,128,101,112,Dragon,
Shadow Gorebyss,146,211,179,Water,
Shadow Gothita,128,98,112,Psychic,
Shadow Gothitelle,172,176,205,Psychic,
Shadow Gothorita,155,137,153,Psychic,
Shadow Gouging Fire,213,205,208,Fire,Dragon
Shadow Gourgeist Average,163,175,213,Grass,Ghost
Shadow Gourgeist Large,181,179,206,Grass,Ghost
Shadow Gourgeist Small,146,171,219,Grass,Ghost
Shadow Gourgeist Super,198,182,200,Grass,Ghost
Shadow Granbull,207,212,131,Fairy,
Shadow Graveler,146,164,164,Rock,Ground
Shadow Great Tusk,251,249,209,Ground,Fighting
Shadow Greavard,137,105,106,Ghost,
Shadow Greedent,260,160,156,Normal,
Shadow Greninja,176,223,152,Water,Dark
Shadow Grimer,190,135,90,Poison,
Shadow Grookey,137,122,91,Grass,
Shadow Grotle,181,157,143,Grass,
Shadow Groudon,205,270,228,Ground,
Shadow Grovyle,137,172,120,Grass,
Shadow Growlithe,146,136,93,Fire,
Shadow Grubbin,132,115,85,Bug,
Shadow Grumpig,190,171,188,Psychic,
Shadow Gulpin,172,80,99,Poison,
Shadow Gumshoos,204,194,113,Normal,
Shadow Gurdurr,198,180,134,Fighting,
Shadow Guzzlord,440,188,99,Dark,Dragon
Shadow Gyarados,216,237,186,Water,Flying
Shadow Hakamo-o,146,145,162,Dragon,Fighting
Shadow Happiny,225,25,77,Normal,
Shadow Hariyama,302,209,114,Fighting,
Shadow Haunter,128,223,107,Ghost,Poison
Shadow Hawlucha,186,195,153,Fighting,Flying
Shadow Haxorus,183,284,172,Dragon,
Shadow Heatmor,198,204,129,Fire,
Shadow Heatran,209,251,213,Fire,Steel
Shadow Heliolisk,158,219,168,Electric,Normal
Shadow Helioptile,127,115,78,Electric,Normal
Shadow Heracross,190,234,179,Bug,Fighting
Shadow Herdier,163,145,126,Normal,
Shadow Hippopotas,169,124,118,Ground,
Shadow Hippowdon,239,201,191,Ground,
Shadow Hisuian Arcanine,216,232,165,Rock,Fire
Shadow Hisuian Basculin,172,189,129,Water,
Shadow Hisuian Braviary,242,213,137,Psychic,Flying
Shadow Hisuian Decidueye,204,213,174,Grass,Fighting
Shadow Hisuian Electrode,155,176,176,Grass,Electric
Shadow Hisuian Growlithe,155,142,92,Rock,Fire
Shadow Hisuian Lilligant,172,208,159,Grass,Fighting
Shadow Hisuian Qwilfish,163,184,151,Dark,Poison
Shadow Hisuian Samurott,207,218,152,Dark,Water
Shadow Hisuian Sneasel,146,189,146,Poison,Fighting
Shadow Hisuian Typhlosion,177,238,172,Fire,Ghost
Shadow Hisuian Voltorb,120,109,111,Grass,Electric
Shadow Hisuian Zorark,146,261,128,Ghost,Normal
Shadow Hisuian Zorua,111,162,79,Ghost,Normal
Shadow Hitmonchan,137,193,197,Fighting,
Shadow Hitmonlee,137,224,181,Fighting,
Shadow Hitmontop,137,173,207,Fighting,
Shadow Ho-oh,214,239,244,Fire,Flying
Shadow Honchkrow,225,243,103,Dark,Flying
Shadow Honedge,128,135,139,Steel,Ghost
Shadow Hoopa Confined,173,261,187,Psychic,Dark
Shadow Hoopa Unbound,173,311,191,Psychic,Dark
Shadow Hoothoot,155,67,88,Normal,Flying
Shadow Hoppip,111,67,94,Grass,Flying
Shadow Horsea,102,129,103,Water,
Shadow Houndoom,181,224,144,Dark,Fire
Shadow Houndour,128,152,83,Dark,Fire
Shadow Houndstone,176,186,195,Ghost,
Shadow Huntail,146,197,179,Water,
Shadow Hydrapple,235,216,186,Grass,Dragon
Shadow Hydreigon,211,256,188,Dark,Dragon
Shadow Hypno,198,144,193,Psychic,
Shadow Igglybuff,207,69,32,Normal,Fairy
Shadow Illumise,163,143,166,Bug,
Shadow Incineroar,216,214,175,Fire,Dark
Shadow Infernape,183,222,151,Fire,Fighting
Shadow Inkay,142,98,95,Dark,Psychic
Shadow Inteleon,142,262,172,Water,
Shadow Iron Boulder,189,227,195,Rock,Psychic
Shadow Iron Bundle,148,266,211,Ice,Water
Shadow Iron Crown,189,221,200,Steel,Psychic
Shadow Iron Hands,319,245,177,Fighting,Electric
Shadow Iron Jugulis,214,249,179,Dark,Flying
Shadow Iron Leaves,207,259,213,Grass,Psychic
Shadow Iron Moth,190,281,196,Fire,Poison
Shadow Iron Thorns,225,250,200,Rock,Electric
Shadow Iron Treads,207,227,216,Ground,Steel
Shadow Iron Valiant,179,279,171,Fairy,Fighting
Shadow Ivysaur,155,151,143,Grass,Poison
Shadow Jangmo-o,128,102,108,Dragon,
Shadow Jellicent,225,159,178,Water,Ghost
Shadow Jigglypuff,251,80,41,Normal,Fairy
Shadow Jirachi,225,210,210,Steel,Psychic
Shadow Jolteon,163,232,182,Electric,
Shadow Joltik,137,110,98,Bug,Electric
Shadow Jumpluff,181,118,183,Grass,Flying
Shadow Jynx,163,223,151,Ice,Psychic
Shadow Kabuto,102,148,140,Rock,Water
Shadow Kabutops,155,220,186,Rock,Water
Shadow Kadabra,120,232,117,Psychic,
Shadow Kakuna,128,46,75,Bug,Poison
Shadow Kangaskhan,233,181,165,Normal,
Shadow Karrablast,137,137,87,Bug,
Shadow Kartana,139,323,182,Grass,Steel
Shadow Kecleon,155,161,189,Normal,
Shadow Keldeo,209,260,192,Water,Fighting
Shadow Keldeo Resolute,209,260,192,Water,Fighting
Shadow Kingambit,203,238,225,Dark,Steel
Shadow Kingdra,181,194,194,Water,Dragon
Shadow Kingler,146,240,181,Water,
Shadow Kirlia,116,117,90,Psychic,Fairy
Shadow Klang,155,150,174,Steel,
Shadow Kleavor,172,253,174,Bug,Rock
Shadow Klefki,149,160,179,Steel,Fairy
Shadow Klink,120,98,121,Steel,
Shadow Klinklang,155,199,214,Steel,
Shadow Koffing,120,119,141,Poison,
Shadow Komala,163,216,165,Normal,
Shadow Kommo-o,181,222,240,Dragon,Fighting
Shadow Koraidon,205,263,223,Fighting,Dragon
Shadow Krabby,102,181,124,Water,
Shadow Kricketot,114,45,74,Bug,
Shadow Kricketune,184,160,100,Bug,
Shadow Krokorok,155,155,90,Ground,Dark
Shadow Krookodile,216,229,158,Ground,Dark
Shadow Kubfu,150,170,112,Fighting,
Shadow Kyogre,205,270,228,Water,
Shadow Kyurem,245,246,170,Dragon,Ice
Shadow Kyurem Black,245,310,183,Dragon,Ice
Shadow Kyurem White,245,310,183,Dragon,Ice
Shadow Lairon,155,158,198,Steel,Rock
Shadow Lampent,155,169,115,Ghost,Fire
Shadow Landorus Incarnate,205,261,182,Ground,Flying
Shadow Landorus Therian,205,289,179,Ground,Flying
Shadow Lanturn,268,146,137,Water,Electric
Shadow Lapras,277,165,174,Water,Ice
Shadow Larvesta,146,156,107,Bug,Fire
Shadow Larvitar,137,115,93,Rock,Ground
Shadow Latias,190,228,246,Dragon,Psychic
Shadow Latios,190,268,212,Dragon,Psychic
Shadow Leafeon,163,216,219,Grass,
Shadow Leavanny,181,205,165,Bug,Grass
Shadow Lechonk,144,81,79,Normal,
Shadow Ledian,146,107,179,Bug,Flying
Shadow Ledyba,120,72,118,Bug,Flying
Shadow Lickilicky,242,161,181,Normal,
Shadow Lickitung,207,108,137,Normal,
Shadow Liepard,162,187,106,Dark,
Shadow Lileep,165,105,150,Rock,Grass
Shadow Lilligant,172,214,155,Grass,
Shadow Lillipup,128,107,86,Normal,
Shadow Linoone,186,142,128,Normal,
Shadow Litleo,158,139,112,Fire,Normal
Shadow Litten,128,128,79,Fire,
Shadow Litwick,137,108,98,Ghost,Fire
Shadow Lokix,174,199,144,Bug,Dark
Shadow Lombre,155,112,119,Water,Grass
Shadow Lopunny,163,156,194,Normal,
Shadow Lotad,120,71,77,Water,Grass
Shadow Loudred,197,134,81,Normal,
Shadow Lucario,172,236,144,Fighting,Steel
Shadow Ludicolo,190,173,176,Water,Grass
Shadow Lugia,235,193,310,Psychic,Flying
Shadow Lumineon,170,142,170,Water,
Shadow Lunala,264,255,191,Psychic,Ghost
Shadow Lunatone,207,178,153,Rock,Psychic
Shadow Lurantis,172,192,169,Grass,
Shadow Luvdisc,125,81,128,Water,
Shadow Luxio,155,159,95,Electric,
Shadow Luxray,190,232,156,Electric,
Shadow Lycanroc Dusk,181,234,139,Rock,
Shadow Lycanroc Midday,181,231,140,Rock,
Shadow Lycanroc Midnight,198,218,152,Rock,
Shadow Machamp,207,234,159,Fighting,
Shadow Machoke,190,177,125,Fighting,
Shadow Machop,172,137,82,Fighting,
Shadow Magby,128,151,99,Fire,
Shadow Magcargo,137,139,191,Fire,Rock
Shadow Magearna,190,246,225,Steel,Fairy
Shadow Magikarp,85,29,85,Water,
Shadow Magmar,163,206,154,Fire,
Shadow Magmortar,181,247,172,Fire,
Shadow Magnemite,93,165,121,Electric,Steel
Shadow Magneton,137,223,169,Electric,Steel
Shadow Magnezone,172,238,205,Electric,Steel
Shadow Makuhita,176,99,54,Fighting,
Shadow Malamar,200,177,165,Dark,Psychic
Shadow Mamoswine,242,247,146,Ice,Ground
Shadow Manaphy,225,210,210,Water,
Shadow Mandibuzz,242,129,205,Dark,Flying
Shadow Manectric,172,215,127,Electric,
Shadow Mankey,120,148,82,Fighting,
Shadow Mantine,163,148,226,Water,Flying
Shadow Mantyke,128,105,179,Water,Flying
Shadow Maractus,181,201,130,Grass,
Shadow Mareanie,137,98,110,Poison,Water
Shadow Mareep,146,114,79,Electric,
Shadow Marill,172,37,93,Water,Fairy
Shadow Marowak,155,144,186,Ground,
Shadow Marshadow,207,265,190,Fighting,Ghost
Shadow Marshtomp,172,156,133,Water,Ground
Shadow Masquerain,172,192,150,Bug,Flying
Shadow Mawile,137,155,141,Steel,Fairy
Shadow Medicham,155,121,152,Fighting,Psychic
Shadow Meditite,102,78,107,Fighting,Psychic
Shadow Mega Abomasnow,207,240,191,Grass,Ice
Shadow Mega Absol,163,314,130,Dark,
Shadow Mega Absol Z,163,332,138,Dark,Ghost
Shadow Mega Aerodactyl,190,292,210,Rock,Flying
Shadow Mega Aggron,172,247,331,Steel,
Shadow Mega Alakazam,146,367,207,Psychic,
Shadow Mega Altaria,181,222,218,Dragon,Fairy
Shadow Mega Ampharos,207,294,203,Electric,Dragon
Shadow Mega Audino,230,147,239,Normal,Fairy
Shadow Mega Banette,162,312,160,Ghost,
Shadow Mega Barbaracle,176,268,248,Rock,Fighting
Shadow Mega Baxcalibur,244,331,221,Dragon,Ice
Shadow Mega Beedrill,163,303,148,Bug,Poison
Shadow Mega Blastoise,188,264,237,Water,
Shadow Mega Blaziken,190,329,168,Fire,Fighting
Shadow Mega Camerupt,172,253,183,Fire,Ground
Shadow Mega Chandelure,155,335,227,Ghost,Fire
Shadow Mega Charizard X,186,273,213,Fire,Dragon
Shadow Mega Charizard Y,186,319,212,Fire,Flying
Shadow Mega Chesnaught,204,242,282,Grass,Fighting
Shadow Mega Chimecho,181,244,228,Psychic,Steel
Shadow Mega Clefable,216,253,205,Fairy,Flying
Shadow Mega Complete Zygarde,415,404,181,Dragon,Ground
Shadow Mega Crabominable,219,266,213,Fighting,Ice
Shadow Mega Darkrai,172,325,265,Dark,
Shadow Mega Delphox,181,331,235,Fire,Psychic
Shadow Mega Diancie,137,342,235,Rock,Fairy
Shadow Mega Dragalge,163,236,265,Poison,Dragon
Shadow Mega Dragonite,209,299,255,Dragon,Flying
Shadow Mega Drampa,186,278,210,Normal,Dragon
Shadow Mega Eelektross,198,291,175,Electric,
Shadow Mega Emboar,242,287,194,Fire,Fighting
Shadow Mega Eternal Floette,179,309,264,Fairy,
Shadow Mega Excadrill,242,322,184,Ground,Steel
Shadow Mega Falinks,163,267,229,Fighting,
Shadow Mega Feraligatr,198,304,227,Water,Dragon
Shadow Mega Froslass,172,289,194,Ice,Ghost
Shadow Mega Gallade,169,326,230,Psychic,Fighting
Shadow Mega Garchomp,239,339,222,Dragon,Ground
Shadow Mega Garchomp Z,239,321,196,Dragon,
Shadow Mega Gardevoir,169,326,229,Psychic,Fairy
Shadow Mega Gengar,155,349,199,Ghost,Poison
Shadow Mega Glalie,190,252,168,Ice,
Shadow Mega Glimmora,195,300,214,Rock,Poison
Shadow Mega Golisopod,181,260,287,Bug,Steel
Shadow Mega Golurk,205,284,202,Ground,Ghost
Shadow Mega Greninja,176,299,180,Water,Dark
Shadow Mega Gyarados,216,292,247,Water,Dark
Shadow Mega Hawlucha,186,280,212,Fighting,Flying
Shadow Mega Heatran,209,331,252,Fire,Steel
Shadow Mega Heracross,190,334,223,Bug,Fighting
Shadow Mega Houndoom,181,289,194,Dark,Fire
Shadow Mega Kangaskhan,233,246,210,Normal,
Shadow Mega Latias,190,289,297,Dragon,Psychic
Shadow Mega Latios,190,335,241,Dragon,Psychic
Shadow Mega Lopunny,163,282,214,Normal,Fighting
Shadow Mega Lucario,172,310,175,Fighting,Steel
Shadow Mega Lucario Z,172,359,161,Fighting,Steel
Shadow Mega Magearna,190,342,239,Steel,Fairy
Shadow Mega Malamar,200,208,222,Dark,Psychic
Shadow Mega Manectric,172,286,179,Electric,
Shadow Mega Mawile,137,188,217,Steel,Fairy
Shadow Mega Medicham,155,205,179,Fighting,Psychic
Shadow Mega Meganium,190,276,232,Grass,Fairy
Shadow Mega Meowstic,179,288,201,Psychic,
Shadow Mega Metagross,189,300,289,Steel,Psychic
Shadow Mega Mewtwo X,228,399,215,Psychic,Fighting
Shadow Mega Mewtwo Y,228,413,223,Psychic,
Shadow Mega Pidgeot,195,280,175,Normal,Flying
Shadow Mega Pinsir,163,305,231,Bug,Flying
Shadow Mega Pyroar,200,273,198,Fire,Normal
Shadow Mega Raichu X,155,277,203,Electric,
Shadow Mega Raichu Y,155,339,157,Electric,
Shadow Mega Rayquaza,227,377,210,Dragon,Flying
Shadow Mega Sableye,137,151,216,Dark,Ghost
Shadow Mega Salamence,216,310,251,Dragon,Flying
Shadow Mega Sceptile,172,320,186,Grass,Dragon
Shadow Mega Scizor,172,279,250,Bug,Steel
Shadow Mega Scolipede,155,257,254,Bug,Poison
Shadow Mega Scovillain,163,276,170,Grass,Fire
Shadow Mega Scrafty,163,238,266,Dark,Fighting
Shadow Mega Sharpedo,172,289,144,Water,Dark
Shadow Mega Skarmory,163,273,228,Steel,Flying
Shadow Mega Slowbro,216,224,259,Water,Psychic
Shadow Mega Staraptor,198,278,207,Fighting,Flying
Shadow Mega Starmie,155,303,229,Water,Psychic
Shadow Mega Steelix,181,212,327,Steel,Ground
Shadow Mega Swampert,225,283,218,Water,Ground
Shadow Mega Tatsugiri,169,262,232,Dragon,Water
Shadow Mega Tyranitar,225,309,276,Rock,Dark
Shadow Mega Venusaur,190,241,246,Grass,Poison
Shadow Mega Victreebel,190,265,181,Grass,Poison
Shadow Mega Zeraora,204,361,180,Electric,
Shadow Meganium,190,168,202,Grass,
Shadow Melmetal,264,226,190,Steel,
Shadow Meloetta Aria,225,250,225,Normal,Psychic
Shadow Meloetta Pirouette,225,269,188,Normal,Fighting
Shadow Meltan,130,118,99,Steel,
Shadow Meowscarada,183,233,153,Grass,Dark
Shadow Meowstic,179,166,167,Psychic,
Shadow Meowth,120,92,78,Normal,
Shadow Mesprit,190,212,212,Psychic,
Shadow Metagross,190,257,228,Steel,Psychic
Shadow Metang,155,138,176,Steel,Psychic
Shadow Metapod,137,45,80,Bug,
Shadow Mew,225,210,210,Psychic,
Shadow Mewtwo,214,300,182,Psychic,
Shadow Mewtwo Armored,214,182,278,Psychic,
Shadow Mienfoo,128,160,98,Fighting,
Shadow Mienshao,163,258,127,Fighting,
Shadow Mightyena,172,171,132,Dark,
Shadow Milotic,216,192,219,Water,
Shadow Miltank,216,157,193,Normal,
Shadow Mime Jr.,85,125,142,Psychic,Fairy
Shadow Mimikyu,146,177,199,Ghost,Fairy
Shadow Minccino,146,98,80,Normal,
Shadow Minior Core,155,218,131,Rock,Flying
Shadow Minior Meteor,155,116,194,Rock,Flying
Shadow Minun,155,147,150,Electric,
Shadow Miraidon,205,263,223,Electric,Dragon
Shadow Misdreavus,155,167,154,Ghost,
Shadow Mismagius,155,211,187,Ghost,
Shadow Moltres,207,251,181,Fire,Flying
Shadow Monferno,162,158,105,Fire,Fighting
Shadow Morelull,120,108,119,Grass,Fairy
Shadow Mothim,172,185,98,Bug,Flying
Shadow Mr. Mime,120,192,205,Psychic,Fairy
Shadow Mr. Rime,190,212,179,Ice,Psychic
Shadow Mudbray,172,175,121,Ground,
Shadow Mudkip,137,126,93,Water,
Shadow Mudsdale,225,214,174,Ground,
Shadow Muk,233,190,172,Poison,
Shadow Munchlax,286,137,117,Normal,
Shadow Munkidori,186,238,157,Poison,Psychic
Shadow Munna,183,111,92,Psychic,
Shadow Murkrow,155,175,87,Dark,Flying
Shadow Musharna,253,183,166,Psychic,
Shadow Naganadel,177,263,159,Poison,Dragon
Shadow Natu,120,134,89,Psychic,Flying
Shadow Necrozma,219,251,195,Psychic,
Shadow Necrozma Dawn Wings,200,277,220,Psychic,Ghost
Shadow Necrozma Dusk Mane,200,277,220,Psychic,Steel
Shadow Nidoking,191,204,156,Poison,Ground
Shadow Nidoqueen,207,180,173,Poison,Ground
Shadow Nidoran♀,146,86,89,Poison,
Shadow Nidoran♂,130,105,76,Poison,
Shadow Nidorina,172,117,120,Poison,
Shadow Nidorino,156,137,111,Poison,
Shadow Nihilego,240,249,210,Rock,Poison
Shadow Nincada,104,80,126,Bug,Ground
Shadow Ninetales,177,169,190,Fire,
Shadow Ninjask,156,199,112,Bug,Flying
Shadow Noctowl,225,145,156,Normal,Flying
Shadow Noibat,120,83,73,Flying,Dragon
Shadow Noivern,198,205,175,Flying,Dragon
Shadow Nosepass,102,82,215,Rock,
Shadow Numel,155,119,79,Fire,Ground
Shadow Nuzleaf,172,134,78,Grass,Dark
Shadow Nymble,107,81,65,Bug,
Shadow Obstagoon,212,180,194,Dark,Normal
Shadow Octillery,181,197,141,Water,
Shadow Oddish,128,131,112,Grass,Poison
Shadow Ogerpon,173,219,178,Grass,
Shadow Ogerpon-C,173,219,178,Grass,Rock
Shadow Ogerpon-H,173,219,178,Grass,Fire
Shadow Ogerpon-W,173,219,178,Grass,Water
Shadow Oinkologne Female,251,169,162,Normal,
Shadow Oinkologne Male,242,186,153,Normal,
Shadow Okidogi,186,220,191,Poison,Fighting
Shadow Omanyte,111,155,153,Rock,Water
Shadow Omastar,172,207,201,Rock,Water
Shadow Onix,111,85,232,Rock,Ground
Shadow Oranguru,207,168,192,Normal,Psychic
Shadow Oricorio Baile,181,196,145,Flying,Fire
Shadow Oricorio Pa'u,181,196,145,Flying,Psychic
Shadow Oricorio Pom-Pom,181,196,145,Flying,Electric
Shadow Oricorio Sensu,181,196,145,Flying,Ghost
Shadow Orthworm,172,161,219,Steel,
Shadow Oshawott,146,117,85,Water,
Shadow Overqwil,198,222,171,Dark,Poison
Shadow Pachirisu,155,94,172,Electric,
Shadow Paldean Wooper,146,75,66,Poison,Ground
Shadow Palkia,189,280,215,Water,Dragon
Shadow Palkia Origin,189,286,223,Water,Dragon
Shadow Palossand,198,178,178,Ghost,Ground
Shadow Palpitoad,181,128,109,Water,Ground
Shadow Pancham,167,145,107,Fighting,
Shadow Pangoro,216,226,146,Fighting,Dark
Shadow Panpour,137,104,94,Water,
Shadow Pansage,137,104,94,Grass,
Shadow Pansear,137,104,94,Fire,
Shadow Paras,111,121,99,Bug,Grass
Shadow Parasect,155,165,146,Bug,Grass
Shadow Passimian,225,222,160,Fighting,
Shadow Patrat,128,98,73,Normal,
Shadow Pawmi,128,95,45,Electric,
Shadow Pawmo,155,147,82,Electric,Fighting
Shadow Pawmot,172,232,141,Electric,Fighting
Shadow Pawniard,128,154,114,Dark,Steel
Shadow Pecharunt,204,181,273,Poison,Ghost
Shadow Pelipper,155,175,174,Water,Flying
Shadow Perrserker,172,195,162,Steel,
Shadow Persian,163,150,136,Normal,
Shadow Petilil,128,119,91,Grass,
Shadow Phanpy,207,107,98,Ground,
Shadow Phantump,125,125,103,Ghost,Grass
Shadow Pheromosa,174,316,85,Bug,Fighting
Shadow Phione,190,162,162,Water,
Shadow Pichu,85,77,53,Electric,
Shadow Pidgeot,195,166,154,Normal,Flying
Shadow Pidgeotto,160,117,105,Normal,Flying
Shadow Pidgey,120,85,73,Normal,Flying
Shadow Pidove,137,98,80,Normal,Flying
Shadow Pignite,207,173,106,Fire,Fighting
Shadow Pikachu,111,112,96,Electric,
Shadow Pikipek,111,136,59,Normal,Flying
Shadow Piloswine,225,181,138,Ice,Ground
Shadow Pineco,137,108,122,Bug,
Shadow Pinsir,163,238,182,Bug,
Shadow Piplup,142,112,102,Water,
Shadow Plusle,155,167,129,Electric,
Shadow Poipole,167,145,133,Poison,
Shadow Politoed,207,174,179,Water,
Shadow Poliwag,120,101,82,Water,
Shadow Poliwhirl,163,130,123,Water,
Shadow Poliwrath,207,182,184,Water,Fighting
Shadow Poltchageist,96,134,120,Grass,Ghost
Shadow Ponyta,137,170,127,Fire,
Shadow Poochyena,111,96,61,Dark,
Shadow Popplio,137,120,103,Water,
Shadow Porygon,163,153,136,Normal,
Shadow Porygon-Z,198,264,150,Normal,
Shadow Porygon2,198,198,180,Normal,
Shadow Primal Groudon,218,353,268,Ground,Fire
Shadow Primal Kyogre,218,353,268,Water,
Shadow Primarina,190,232,195,Water,Fairy
Shadow Primeape,163,207,138,Fighting,
Shadow Prinplup,162,150,139,Water,
Shadow Probopass,155,135,275,Rock,Steel
Shadow Psyduck,137,122,95,Water,
Shadow Pumpkaboo Average,135,121,123,Ghost,Grass
Shadow Pumpkaboo Large,144,120,122,Ghost,Grass
Shadow Pumpkaboo Small,127,122,124,Ghost,Grass
Shadow Pumpkaboo Super,153,118,120,Ghost,Grass
Shadow Pupitar,172,155,133,Rock,Ground
Shadow Purrloin,121,98,73,Dark,
Shadow Purugly,174,172,133,Normal,
Shadow Pyroar,200,221,149,Fire,Normal
Shadow Pyukumuku,146,97,224,Water,
Shadow Quagsire,216,152,143,Water,Ground
Shadow Quaquaval,198,236,159,Water,Fighting
Shadow Quaxly,146,120,86,Water,
Shadow Quaxwell,172,162,123,Water,
Shadow Quilava,151,158,126,Fire,
Shadow Quilladin,156,146,156,Grass,
Shadow Qwilfish,163,184,138,Water,Poison
Shadow Raboot,163,170,125,Fire,
Shadow Raging Bolt,245,235,165,Electric,Dragon
Shadow Raichu,155,193,151,Electric,
Shadow Raikou,207,241,195,Electric,
Shadow Ralts,99,79,59,Psychic,Fairy
Shadow Rampardos,219,295,109,Rock,
Shadow Rapidash,163,207,162,Fire,
Shadow Raticate,146,161,139,Normal,
Shadow Rattata,102,103,70,Normal,
Shadow Rayquaza,213,284,170,Dragon,Flying
Shadow Regice,190,179,309,Ice,
Shadow Regidrago,400,202,101,Dragon,
Shadow Regieleki,190,250,125,Electric,
Shadow Regigigas,221,287,210,Normal,
Shadow Regirock,190,179,309,Rock,
Shadow Registeel,190,143,285,Steel,
Shadow Relicanth,225,162,203,Water,Rock
Shadow Remoraid,111,127,69,Water,
Shadow Reshiram,205,275,211,Dragon,Fire
Shadow Reuniclus,242,214,148,Psychic,
Shadow Revavroom,190,229,168,Steel,Poison
Shadow Rhydon,233,222,171,Ground,Rock
Shadow Rhyhorn,190,140,127,Ground,Rock
Shadow Rhyperior,251,241,190,Ground,Rock
Shadow Ribombee,155,198,146,Bug,Fairy
Shadow Rillaboom,225,239,168,Grass,
Shadow Riolu,120,127,78,Fighting,
Shadow Roaring Moon,233,280,196,Dragon,Dark
Shadow Rockruff,128,117,78,Rock,
Shadow Roggenrola,146,121,110,Rock,
Shadow Roselia,137,186,131,Grass,Poison
Shadow Roserade,155,243,185,Grass,Poison
Shadow Rotom,137,185,159,Electric,Ghost
Shadow Rotom Fan,137,204,219,Electric,Flying
Shadow Rotom Frost,137,204,219,Electric,Ice
Shadow Rotom Heat,137,204,219,Electric,Fire
Shadow Rotom Mow,137,204,219,Electric,Grass
Shadow Rotom Wash,137,204,219,Electric,Water
Shadow Rowlet,169,102,99,Grass,Flying
Shadow Rufflet,172,150,97,Normal,Flying
Shadow Runerigus,151,163,237,Ground,Ghost
Shadow Sableye,137,141,136,Dark,Ghost
Shadow Salamence,216,277,168,Dragon,Flying
Shadow Salandit,134,136,80,Poison,Fire
Shadow Salazzle,169,228,130,Poison,Fire
Shadow Samurott,216,212,157,Water,
Shadow Sandile,137,132,69,Ground,Dark
Shadow Sandshrew,137,126,120,Ground,
Shadow Sandslash,181,182,175,Ground,
Shadow Sandy Shocks,198,244,195,Electric,Ground
Shadow Sandygast,146,120,118,Ghost,Ground
Shadow Sawk,181,231,153,Fighting,
Shadow Sawsbuck,190,198,146,Normal,Grass
Shadow Scatterbug,116,63,63,Bug,
Shadow Sceptile,172,223,169,Grass,
Shadow Scizor,172,236,181,Bug,Steel
Shadow Scolipede,155,203,175,Bug,Poison
Shadow Scorbunny,137,132,79,Fire,
Shadow Scrafty,163,163,222,Dark,Fighting
Shadow Scraggy,137,132,132,Dark,Fighting
Shadow Scream Tail,234,139,251,Fairy,Psychic
Shadow Scyther,172,218,170,Bug,Flying
Shadow Seadra,146,187,156,Water,
Shadow Seaking,190,175,147,Water,
Shadow Sealeo,207,137,132,Ice,Water
Shadow Seedot,120,71,77,Grass,
Shadow Seel,163,85,121,Water,
Shadow Seismitoad,233,188,150,Water,Ground
Shadow Sentret,111,79,73,Normal,
Shadow Serperior,181,161,204,Grass,
Shadow Servine,155,122,152,Grass,
Shadow Seviper,177,196,118,Poison,
Shadow Sewaddle,128,96,124,Bug,Grass
Shadow Sharpedo,172,243,83,Water,Dark
Shadow Shaymin,225,210,210,Grass,
Shadow Shaymin Sky,225,261,166,Grass,Flying
Shadow Shedinja,1,153,73,Bug,Ghost
Shadow Shelgon,163,172,155,Dragon,
Shadow Shellder,102,116,134,Water,
Shadow Shellos,183,103,105,Water,
Shadow Shelmet,137,72,140,Bug,
Shadow Shieldon,102,76,195,Rock,Steel
Shadow Shiftry,207,200,121,Grass,Dark
Shadow Shiinotic,155,154,168,Grass,Fairy
Shadow Shinx,128,117,64,Electric,
Shadow Shroomish,155,74,110,Grass,
Shadow Shuckle,85,17,396,Bug,Rock
Shadow Shuppet,127,138,65,Ghost,
Shadow Sigilyph,176,204,167,Psychic,Flying
Shadow Silcoon,137,60,77,Bug,
Shadow Silvally,216,198,198,Normal,
Shadow Simipour,181,206,133,Water,
Shadow Simisage,181,206,133,Grass,
Shadow Simisear,181,206,133,Fire,
Shadow Sinistea,190,225,174,Ghost,
Shadow Sirfetch’d,158,248,176,Fighting,
Shadow Skarmory,163,148,226,Steel,Flying
Shadow Skeledirge,232,207,178,Fire,Ghost
Shadow Skiddo,165,123,102,Grass,
Shadow Skiploom,146,91,120,Grass,Flying
Shadow Skitty,137,84,79,Normal,
Shadow Skorupi,120,93,151,Poison,Bug
Shadow Skrelp,137,109,109,Poison,Water
Shadow Skuntank,230,184,132,Poison,Dark
Shadow Skwovet,172,95,86,Normal,
Shadow Slaking,284,290,166,Normal,
Shadow Slakoth,155,104,92,Normal,
Shadow Sliggoo,169,159,176,Dragon,
Shadow Slither Wing,198,261,193,Bug,Fighting
Shadow Slowbro,216,177,180,Water,Psychic
Shadow Slowking,216,177,180,Water,Psychic
Shadow Slowpoke,207,109,98,Water,Psychic
Shadow Slugma,120,118,71,Fire,
Shadow Slurpuff,193,168,163,Fairy,
Shadow Smeargle,146,40,83,Normal,
Shadow Smoliv,121,100,89,Grass,Normal
Shadow Smoochum,128,153,91,Ice,Psychic
Shadow Sneasel,146,189,146,Dark,Ice
Shadow Sneasler,190,259,158,Fighting,Poison
Shadow Snivy,128,88,107,Grass,
Shadow Snorlax,330,190,169,Normal,
Shadow Snorunt,137,95,95,Ice,
Shadow Snover,155,115,105,Grass,Ice
Shadow Snubbull,155,137,85,Fairy,
Shadow Sobble,137,132,79,Water,
Shadow Solgaleo,264,255,191,Psychic,Steel
Shadow Solosis,128,170,83,Psychic,
Shadow Solrock,207,178,153,Rock,Psychic
Shadow Spearow,120,112,60,Normal,Flying
Shadow Spewpa,128,48,89,Bug,
Shadow Spheal,172,95,90,Ice,Water
Shadow Spinarak,120,105,73,Bug,Poison
Shadow Spinda,155,116,116,Normal,
Shadow Spiritomb,137,169,199,Ghost,Dark
Shadow Spoink,155,125,122,Psychic,
Shadow Sprigatito,120,116,99,Grass,
Shadow Spritzee,186,110,113,Fairy,
Shadow Squirtle,127,94,121,Water,
Shadow Stakataka,156,213,298,Rock,Steel
Shadow Stantler,177,192,131,Normal,
Shadow Staraptor,198,234,140,Normal,Flying
Shadow Staravia,146,142,94,Normal,Flying
Shadow Starly,120,101,58,Normal,Flying
Shadow Starmie,155,210,184,Water,Psychic
Shadow Staryu,102,137,112,Water,
Shadow Steelix,181,148,272,Steel,Ground
Shadow Steenee,141,78,94,Grass,
Shadow Stoutland,198,206,182,Normal,
Shadow Stufful,172,136,95,Normal,Fighting
Shadow Stunfisk,240,144,171,Ground,Electric
Shadow Stunky,160,121,90,Poison,Dark
Shadow Sudowoodo,172,167,176,Rock,
Shadow Suicune,225,180,235,Water,
Shadow Sunflora,181,185,135,Grass,
Shadow Sunkern,102,55,55,Grass,
Shadow Surskit,120,93,87,Bug,Water
Shadow Swablu,128,76,132,Normal,Flying
Shadow Swadloon,146,115,162,Bug,Grass
Shadow Swalot,225,140,159,Poison,
Shadow Swampert,225,208,175,Water,Ground
Shadow Swanna,181,182,132,Water,Flying
Shadow Swellow,155,185,124,Normal,Flying
Shadow Swinub,137,90,69,Ice,Ground
Shadow Swirlix,158,109,119,Fairy,
Shadow Swoobat,167,161,119,Psychic,Flying
Shadow Sylveon,216,203,205,Fairy,
Shadow Tadbulb,156,104,73,Electric,
Shadow Taillow,120,106,61,Normal,Flying
Shadow Talonflame,186,176,155,Fire,Flying
Shadow Tangela,163,183,169,Grass,
Shadow Tangrowth,225,207,184,Grass,
Shadow Tapu Bulu,172,249,215,Grass,Fairy
Shadow Tapu Fini,172,189,254,Water,Fairy
Shadow Tapu Koko,172,250,181,Electric,Fairy
Shadow Tapu Lele,172,259,208,Psychic,Fairy
Shadow Tatsugiri,169,226,166,Dragon,Water
Shadow Tauros,181,198,183,Normal,
Shadow Teddiursa,155,142,93,Normal,
Shadow Tentacool,120,97,149,Water,Poison
Shadow Tentacruel,190,166,209,Water,Poison
Shadow Tepig,163,115,85,Fire,
Shadow Terapagos,207,126,165,Normal,
Shadow Terrakion,209,260,192,Rock,Fighting
Shadow Throh,260,172,160,Fighting,
Shadow Thundurus Incarnate,188,266,164,Electric,Flying
Shadow Thundurus Therian,188,295,161,Electric,Flying
Shadow Thwackey,172,165,134,Grass,
Shadow Timburr,181,134,87,Fighting,
Shadow Ting-Lu,321,194,203,Dark,Ground
Shadow Tinkatink,137,85,110,Fairy,Steel
Shadow Tinkaton,198,155,196,Fairy,Steel
Shadow Tinkatuff,163,109,145,Fairy,Steel
Shadow Tirtouga,144,134,146,Water,Rock
Shadow Togedemaru,163,190,145,Electric,Steel
Shadow Togekiss,198,225,217,Fairy,Flying
Shadow Togepi,111,67,116,Fairy,
Shadow Togetic,146,139,181,Fairy,Flying
Shadow Torchic,128,130,87,Fire,
Shadow Torkoal,172,151,203,Fire,
Shadow Tornadus Incarnate,188,266,164,Flying,
Shadow Tornadus Therian,188,238,189,Flying,
Shadow Torracat,163,174,103,Fire,
Shadow Torterra,216,202,188,Grass,Ground
Shadow Totodile,137,117,109,Water,
Shadow Toucannon,190,222,146,Normal,Flying
Shadow Toxapex,137,114,273,Poison,Water
Shadow Toxicroak,195,211,133,Poison,Fighting
Shadow Tranquill,158,144,107,Normal,Flying
Shadow Trapinch,128,162,78,Ground,
Shadow Treecko,120,124,94,Grass,
Shadow Trevenant,198,201,154,Ghost,Grass
Shadow Tropius,223,136,163,Grass,Flying
Shadow Trubbish,137,96,122,Poison,
Shadow Trumbeak,146,159,100,Normal,Flying
Shadow Tsareena,176,222,195,Grass,
Shadow Turtonator,155,165,215,Fire,Dragon
Shadow Turtwig,146,119,110,Grass,
Shadow Tympole,137,98,78,Water,
Shadow Tynamo,111,105,78,Electric,
Shadow Type: Null,216,184,184,Normal,
Shadow Typhlosion,186,223,173,Fire,
Shadow Tyranitar,225,251,207,Rock,Dark
Shadow Tyrantrum,193,227,191,Rock,Dragon
Shadow Tyrogue,111,64,64,Fighting,
Shadow Tyrunt,151,158,123,Rock,Dragon
Shadow Ultra Necrozma,200,337,196,Psychic,Dragon
Shadow Umbreon,216,126,240,Dark,
Shadow Unfezant,190,226,146,Normal,Flying
Shadow Unown,134,136,91,Psychic,
Shadow Ursaluna,277,243,181,Ground,Normal
Shadow Ursaring,207,236,144,Normal,
Shadow Urshifu Rapid Strike,225,254,177,Water,Fighting
Shadow Urshifu Single Strike,225,254,177,Dark,Fighting
Shadow Uxie,181,156,270,Psychic,
Shadow Vanillish,139,151,138,Ice,
Shadow Vanillite,113,118,106,Ice,
Shadow Vanilluxe,174,218,184,Ice,
Shadow Vaporeon,277,205,161,Water,
Shadow Varoom,128,123,107,Steel,Poison
Shadow Veluza,207,196,139,Water,Psychic
Shadow Venipede,102,83,99,Bug,Poison
Shadow Venomoth,172,179,143,Bug,Poison
Shadow Venonat,155,100,100,Bug,Poison
Shadow Venusaur,190,198,189,Grass,Poison
Shadow Vespiquen,172,149,190,Bug,Flying
Shadow Vibrava,137,134,99,Ground,Dragon
Shadow Victini,225,210,210,Psychic,Fire
Shadow Victreebel,190,207,135,Grass,Poison
Shadow Vigoroth,190,159,145,Normal,
Shadow Vikavolt,184,254,158,Bug,Electric
Shadow Vileplume,181,202,167,Grass,Poison
Shadow Virizion,209,192,229,Grass,Fighting
Shadow Vivillon,190,176,103,Bug,Flying
Shadow Volbeat,163,143,166,Bug,
Shadow Volcanion,190,252,216,Fire,Water
Shadow Volcarona,198,264,189,Bug,Fire
Shadow Voltorb,120,109,111,Electric,
Shadow Vullaby,172,105,139,Dark,Flying
Shadow Vulpix,116,96,109,Fire,
Shadow Wailmer,277,136,68,Water,
Shadow Wailord,347,175,87,Water,
Shadow Walking Wake,188,256,188,Water,Dragon
Shadow Walrein,242,182,176,Ice,Water
Shadow Wartortle,153,126,155,Water,
Shadow Watchog,155,165,139,Normal,
Shadow Weavile,172,243,171,Dark,Ice
Shadow Weedle,120,63,50,Bug,Poison
Shadow Weepinbell,163,172,92,Grass,Poison
Shadow Weezing,163,174,197,Poison,
Shadow Whimsicott,155,164,176,Grass,Fairy
Shadow Whirlipede,120,100,173,Bug,Poison
Shadow Whiscash,242,151,141,Water,Ground
Shadow Whismur,162,92,42,Normal,
Shadow Wigglytuff,295,156,90,Normal,Fairy
Shadow Wiglett,67,109,52,Water,
Shadow Wimpod,93,67,74,Bug,Water
Shadow Wingull,120,106,61,Water,Flying
Shadow Wishiwashi School,128,255,242,water,
Shadow Wishiwashi Solo,128,46,43,water,
Shadow Wo-Chien,198,186,242,Dark,Grass
Shadow Wobbuffet,382,60,106,Psychic,
Shadow Woobat,163,107,85,Psychic,Flying
Shadow Wooloo,123,76,97,Normal,
Shadow Wooper,146,75,66,Water,Ground
Shadow Wormadam Plant,155,141,180,bug,grass
Shadow Wormadam Sandy,155,141,180,bug,ground
Shadow Wormadam Trash,155,127,175,bug,steel
Shadow Wugtrio,111,205,136,Water,
Shadow Wurmple,128,75,59,Bug,
Shadow Wynaut,216,41,86,Psychic,
Shadow Wyrdeer,230,206,145,Normal,Psychic
Shadow Xatu,163,192,146,Psychic,Flying
Shadow Xerneas,246,250,185,Fairy,
Shadow Xurkitree,195,330,144,Electric,
Shadow Yamask,116,95,141,Ghost,
Shadow Yanma,163,154,94,Bug,Flying
Shadow Yanmega,200,231,156,Bug,Flying
Shadow Yungoos,134,122,56,Normal,
Shadow Yveltal,246,250,185,Dark,Flying
Shadow Zacian Crown,192,332,240,Fairy,Steel
Shadow Zacian Hero,192,254,236,Fairy,
Shadow Zamazenta Crown,192,250,292,Fighting,Steel
Shadow Zamazenta Hero,192,254,236,Fighting,
Shadow Zangoose,177,222,124,Normal,
Shadow Zapdos,207,253,185,Electric,Flying
Shadow Zarude,233,242,215,Dark,Grass
Shadow Zebstrika,181,211,136,Electric,
Shadow Zekrom,205,275,211,Dragon,Electric
Shadow Zeraora,204,252,177,Electric,
Shadow Zigzagoon,116,58,80,Normal,
Shadow Zoroark,155,250,127,Dark,
Shadow Zorua,120,153,78,Dark,
Shadow Zubat,120,83,73,Poison,Flying
Shadow Zweilous,176,159,135,Dark,Dragon
Shadow Zygarde 10%,144,205,173,Dragon,Ground
Shadow Zygarde 50%,239,203,232,Dragon,Ground
Shadow Zygarde Complete,389,184,207,Dragon,Ground
