name,hp,atk,def
Bulbasaur,128.0,118.0,111.0
Ivysaur,155.0,151.0,143.0
Venusaur,190.0,198.0,189.0
Mega Venusaur,190.0,241.0,246.0
Charmander,118.0,116.0,93.0
Charmeleon,151.0,158.0,126.0
Charizard,186.0,223.0,173.0
Mega Charizard X,186.0,273.0,213.0
Mega Charizard Y,186.0,319.0,212.0
Squirtle,127.0,94.0,121.0
Wartortle,153.0,126.0,155.0
Blastoise,188.0,171.0,207.0
Mega Blastoise,188.0,264.0,237.0
Caterpie,128.0,55.0,55.0
Metapod,137.0,45.0,80.0
Butterfree,155.0,167.0,137.0
Weedle,120.0,63.0,50.0
Kakuna,128.0,46.0,75.0
Beedrill,163.0,169.0,130.0
Mega Beedrill,163.0,303.0,148.0
Pidgey,120.0,85.0,73.0
Pidgeotto,160.0,117.0,105.0
Pidgeot,195.0,166.0,154.0
Mega Pidgeot,195.0,280.0,175.0
Rattata,102.0,103.0,70.0
Alolan Rattata,102.0,103.0,70.0
Raticate,146.0,161.0,139.0
Alolan Raticate,181.0,135.0,154.0
Spearow,120.0,112.0,60.0
Fearow,163.0,182.0,133.0
Ekans,111.0,110.0,97.0
Arbok,155.0,167.0,153.0
Pikachu,111.0,112.0,96.0
Raichu,155.0,193.0,151.0
Alolan Raichu,155.0,201.0,154.0
Mega Raichu X,155.0,277.0,203.0
Mega Raichu Y,155.0,339.0,157.0
Sandshrew,137.0,126.0,120.0
Alolan Sandshrew,137.0,125.0,129.0
Sandslash,181.0,182.0,175.0
Alolan Sandslash,181.0,177.0,195.0
Nidoran♀,146.0,86.0,89.0
Nidorina,172.0,117.0,120.0
Nidoqueen,207.0,180.0,173.0
Nidoran♂,130.0,105.0,76.0
Nidorino,156.0,137.0,111.0
Nidoking,191.0,204.0,156.0
Clefairy,172.0,107.0,108.0
Clefable,216.0,178.0,162.0
Mega Clefable,216.0,253.0,205.0
Vulpix,116.0,96.0,109.0
Alolan Vulpix,116.0,96.0,109.0
Ninetales,177.0,169.0,190.0
Alolan Ninetales,177.0,170.0,193.0
Jigglypuff,251.0,80.0,41.0
Wigglytuff,295.0,156.0,90.0
Zubat,120.0,83.0,73.0
Golbat,181.0,161.0,150.0
Oddish,128.0,131.0,112.0
Gloom,155.0,153.0,136.0
Vileplume,181.0,202.0,167.0
Paras,111.0,121.0,99.0
Parasect,155.0,165.0,146.0
Venonat,155.0,100.0,100.0
Venomoth,172.0,179.0,143.0
Diglett,67.0,109.0,78.0
Alolan Diglett,67.0,108.0,81.0
Dugtrio,111.0,167.0,136.0
Alolan Dugtrio,111.0,201.0,142.0
Meowth,120.0,92.0,78.0
Alolan Meowth,120.0,99.0,78.0
Galarian Meowth,137.0,115.0,92.0
Persian,163.0,150.0,136.0
Alolan Persian,163.0,158.0,136.0
Psyduck,137.0,122.0,95.0
Golduck,190.0,191.0,162.0
Mankey,120.0,148.0,82.0
Primeape,163.0,207.0,138.0
Growlithe,146.0,136.0,93.0
Hisuian Growlithe,155.0,142.0,92.0
Arcanine,207.0,227.0,166.0
Hisuian Arcanine,216.0,232.0,165.0
Poliwag,120.0,101.0,82.0
Poliwhirl,163.0,130.0,123.0
Poliwrath,207.0,182.0,184.0
Abra,93.0,195.0,82.0
Kadabra,120.0,232.0,117.0
Alakazam,146.0,271.0,167.0
Mega Alakazam,146.0,367.0,207.0
Machop,172.0,137.0,82.0
Machoke,190.0,177.0,125.0
Machamp,207.0,234.0,159.0
Bellsprout,137.0,139.0,61.0
Weepinbell,163.0,172.0,92.0
Victreebel,190.0,207.0,135.0
Mega Victreebel,190.0,265.0,181.0
Tentacool,120.0,97.0,149.0
Tentacruel,190.0,166.0,209.0
Geodude,120.0,132.0,132.0
Alolan Geodude,120.0,132.0,132.0
Graveler,146.0,164.0,164.0
Alolan Graveler,146.0,164.0,164.0
Golem,190.0,211.0,198.0
Alolan Golem,190.0,211.0,198.0
Ponyta,137.0,170.0,127.0
Galarian Ponyta,137.0,170.0,127.0
Rapidash,163.0,207.0,162.0
Galarian Rapidash,163.0,207.0,162.0
Slowpoke,207.0,109.0,98.0
Galarian Slowpoke,207.0,109.0,98.0
Slowbro,216.0,177.0,180.0
Galarian Slowbro,216.0,182.0,156.0
Mega Slowbro,216.0,224.0,259.0
Magnemite,93.0,165.0,121.0
Magneton,137.0,223.0,169.0
Farfetch'd,141.0,124.0,115.0
Galarian Farfetch'd,141.0,174.0,114.0
Doduo,111.0,158.0,83.0
Dodrio,155.0,218.0,140.0
Seel,163.0,85.0,121.0
Dewgong,207.0,139.0,177.0
Grimer,190.0,135.0,90.0
Alolan Grimer,190.0,135.0,90.0
Muk,233.0,190.0,172.0
Alolan Muk,233.0,190.0,172.0
Shellder,102.0,116.0,134.0
Cloyster,137.0,186.0,256.0
Gastly,102.0,186.0,67.0
Haunter,128.0,223.0,107.0
Gengar,155.0,261.0,149.0
Shadow Gengar,155.0,261.0,149.0
Mega Gengar,155.0,349.0,199.0
Onix,111.0,85.0,232.0
Drowzee,155.0,89.0,136.0
Hypno,198.0,144.0,193.0
Krabby,102.0,181.0,124.0
Kingler,146.0,240.0,181.0
Voltorb,120.0,109.0,111.0
Hisuian Voltorb,120.0,109.0,111.0
Electrode,155.0,173.0,173.0
Hisuian Electrode,155.0,176.0,176.0
Exeggcute,155.0,107.0,125.0
Exeggutor,216.0,233.0,149.0
Alolan Exeggutor,216.0,230.0,153.0
Cubone,137.0,90.0,144.0
Marowak,155.0,144.0,186.0
Alolan Marowak,155.0,144.0,186.0
Hitmonlee,137.0,224.0,181.0
Hitmonchan,137.0,193.0,197.0
Lickitung,207.0,108.0,137.0
Koffing,120.0,119.0,141.0
Weezing,163.0,174.0,197.0
Galarian Weezing,163.0,174.0,197.0
Rhyhorn,190.0,140.0,127.0
Rhydon,233.0,222.0,171.0
Chansey,487.0,60.0,128.0
Tangela,163.0,183.0,169.0
Kangaskhan,233.0,181.0,165.0
Mega Kangaskhan,233.0,246.0,210.0
Horsea,102.0,129.0,103.0
Seadra,146.0,187.0,156.0
Goldeen,128.0,123.0,110.0
Seaking,190.0,175.0,147.0
Staryu,102.0,137.0,112.0
Starmie,155.0,210.0,184.0
Mega Starmie,155.0,303.0,229.0
Mr. Mime,120.0,192.0,205.0
Galarian Mr. Mime,137.0,183.0,169.0
Scyther,172.0,218.0,170.0
Jynx,163.0,223.0,151.0
Electabuzz,163.0,198.0,158.0
Magmar,163.0,206.0,154.0
Pinsir,163.0,238.0,182.0
Mega Pinsir,163.0,305.0,231.0
Tauros,181.0,198.0,183.0
Magikarp,85.0,29.0,85.0
Gyarados,216.0,237.0,186.0
Mega Gyarados,216.0,292.0,247.0
Lapras,277.0,165.0,174.0
Ditto,134.0,91.0,91.0
Eevee,146.0,104.0,114.0
Vaporeon,277.0,205.0,161.0
Jolteon,163.0,232.0,182.0
Flareon,163.0,246.0,179.0
Porygon,163.0,153.0,136.0
Omanyte,111.0,155.0,153.0
Omastar,172.0,207.0,201.0
Kabuto,102.0,148.0,140.0
Kabutops,155.0,220.0,186.0
Aerodactyl,190.0,221.0,159.0
Mega Aerodactyl,190.0,292.0,210.0
Snorlax,330.0,190.0,169.0
Articuno,207.0,192.0,236.0
Galarian Articuno,207.0,250.0,197.0
Zapdos,207.0,253.0,185.0
Galarian Zapdos,207.0,252.0,189.0
Moltres,207.0,251.0,181.0
Shadow Moltres,207.0,251.0,181.0
Galarian Moltres,207.0,202.0,231.0
Dratini,121.0,119.0,91.0
Dragonair,156.0,163.0,135.0
Dragonite,209.0,263.0,198.0
Mega Dragonite,209.0,299.0,255.0
Mewtwo,214.0,300.0,182.0
Mega Mewtwo X,228.0,399.0,215.0
Mega Mewtwo Y,228.0,413.0,223.0
Mewtwo Armored,214.0,182.0,278.0
Shadow Mewtwo,214.0,300.0,182.0
Mew,225.0,210.0,210.0
Chikorita,128.0,92.0,122.0
Bayleef,155.0,122.0,155.0
Meganium,190.0,168.0,202.0
Mega Meganium,190.0,276.0,232.0
Cyndaquil,118.0,116.0,93.0
Quilava,151.0,158.0,126.0
Typhlosion,186.0,223.0,173.0
Hisuian Typhlosion,177.0,238.0,172.0
Totodile,137.0,117.0,109.0
Croconaw,163.0,150.0,142.0
Feraligatr,198.0,205.0,188.0
Mega Feraligatr,198.0,304.0,227.0
Sentret,111.0,79.0,73.0
Furret,198.0,148.0,125.0
Hoothoot,155.0,67.0,88.0
Noctowl,225.0,145.0,156.0
Ledyba,120.0,72.0,118.0
Ledian,146.0,107.0,179.0
Spinarak,120.0,105.0,73.0
Ariados,172.0,161.0,124.0
Crobat,198.0,194.0,178.0
Chinchou,181.0,106.0,97.0
Lanturn,268.0,146.0,137.0
Pichu,85.0,77.0,53.0
Cleffa,137.0,75.0,79.0
Igglybuff,207.0,69.0,32.0
Togepi,111.0,67.0,116.0
Togetic,146.0,139.0,181.0
Natu,120.0,134.0,89.0
Xatu,163.0,192.0,146.0
Mareep,146.0,114.0,79.0
Flaaffy,172.0,145.0,109.0
Ampharos,207.0,211.0,169.0
Mega Ampharos,207.0,294.0,203.0
Bellossom,181.0,169.0,186.0
Marill,172.0,37.0,93.0
Azumarill,225.0,112.0,152.0
Sudowoodo,172.0,167.0,176.0
Politoed,207.0,174.0,179.0
Hoppip,111.0,67.0,94.0
Skiploom,146.0,91.0,120.0
Jumpluff,181.0,118.0,183.0
Aipom,146.0,136.0,112.0
Sunkern,102.0,55.0,55.0
Sunflora,181.0,185.0,135.0
Yanma,163.0,154.0,94.0
Wooper,146.0,75.0,66.0
Paldean Wooper,146.0,75.0,66.0
Quagsire,216.0,152.0,143.0
Espeon,163.0,261.0,175.0
Umbreon,216.0,126.0,240.0
Murkrow,155.0,175.0,87.0
Slowking,216.0,177.0,180.0
Galarian Slowking,216.0,190.0,180.0
Misdreavus,155.0,167.0,154.0
Unown,134.0,136.0,91.0
Wobbuffet,382.0,60.0,106.0
Girafarig,172.0,182.0,133.0
Pineco,137.0,108.0,122.0
Forretress,181.0,161.0,205.0
Dunsparce,225.0,131.0,128.0
Gligar,163.0,143.0,184.0
Steelix,181.0,148.0,272.0
Mega Steelix,181.0,212.0,327.0
Snubbull,155.0,137.0,85.0
Granbull,207.0,212.0,131.0
Qwilfish,163.0,184.0,138.0
Hisuian Qwilfish,163.0,184.0,151.0
Scizor,172.0,236.0,181.0
Mega Scizor,172.0,279.0,250.0
Shuckle,85.0,17.0,396.0
Heracross,190.0,234.0,179.0
Mega Heracross,190.0,334.0,223.0
Sneasel,146.0,189.0,146.0
Hisuian Sneasel,146.0,189.0,146.0
Teddiursa,155.0,142.0,93.0
Ursaring,207.0,236.0,144.0
Slugma,120.0,118.0,71.0
Magcargo,137.0,139.0,191.0
Swinub,137.0,90.0,69.0
Piloswine,225.0,181.0,138.0
Corsola,146.0,118.0,156.0
Remoraid,111.0,127.0,69.0
Octillery,181.0,197.0,141.0
Delibird,128.0,128.0,90.0
Mantine,163.0,148.0,226.0
Skarmory,163.0,148.0,226.0
Mega Skarmory,163.0,273.0,228.0
Houndour,128.0,152.0,83.0
Houndoom,181.0,224.0,144.0
Mega Houndoom,181.0,289.0,194.0
Kingdra,181.0,194.0,194.0
Phanpy,207.0,107.0,98.0
Donphan,207.0,214.0,185.0
Porygon2,198.0,198.0,180.0
Stantler,177.0,192.0,131.0
Smeargle,146.0,40.0,83.0
Tyrogue,111.0,64.0,64.0
Hitmontop,137.0,173.0,207.0
Smoochum,128.0,153.0,91.0
Elekid,128.0,135.0,101.0
Magby,128.0,151.0,99.0
Miltank,216.0,157.0,193.0
Blissey,496.0,129.0,169.0
Raikou,207.0,241.0,195.0
Shadow Raikou,207.0,241.0,195.0
Entei,251.0,235.0,171.0
Suicune,225.0,180.0,235.0
Larvitar,137.0,115.0,93.0
Pupitar,172.0,155.0,133.0
Tyranitar,225.0,251.0,207.0
Mega Tyranitar,225.0,309.0,276.0
Lugia,235.0,193.0,310.0
Ho-oh,214.0,239.0,244.0
Celebi,225.0,210.0,210.0
Treecko,120.0,124.0,94.0
Grovyle,137.0,172.0,120.0
Sceptile,172.0,223.0,169.0
Mega Sceptile,172.0,320.0,186.0
Torchic,128.0,130.0,87.0
Combusken,155.0,163.0,115.0
Blaziken,190.0,240.0,141.0
Shadow Blaziken,190.0,240.0,141.0
Mega Blaziken,190.0,329.0,168.0
Mudkip,137.0,126.0,93.0
Marshtomp,172.0,156.0,133.0
Swampert,225.0,208.0,175.0
Shadow Swampert,225.0,208.0,175.0
Mega Swampert,225.0,283.0,218.0
Poochyena,111.0,96.0,61.0
Mightyena,172.0,171.0,132.0
Zigzagoon,116.0,58.0,80.0
Galarian Zigzagoon,116.0,58.0,80.0
Linoone,186.0,142.0,128.0
Galarian Linoone,186.0,142.0,128.0
Wurmple,128.0,75.0,59.0
Silcoon,137.0,60.0,77.0
Beautifly,155.0,189.0,98.0
Cascoon,137.0,60.0,77.0
Dustox,155.0,98.0,162.0
Lotad,120.0,71.0,77.0
Lombre,155.0,112.0,119.0
Ludicolo,190.0,173.0,176.0
Seedot,120.0,71.0,77.0
Nuzleaf,172.0,134.0,78.0
Shiftry,207.0,200.0,121.0
Taillow,120.0,106.0,61.0
Swellow,155.0,185.0,124.0
Wingull,120.0,106.0,61.0
Pelipper,155.0,175.0,174.0
Ralts,99.0,79.0,59.0
Kirlia,116.0,117.0,90.0
Gardevoir,169.0,237.0,195.0
Shadow Gardevoir,169.0,237.0,195.0
Mega Gardevoir,169.0,326.0,229.0
Surskit,120.0,93.0,87.0
Masquerain,172.0,192.0,150.0
Shroomish,155.0,74.0,110.0
Breloom,155.0,241.0,144.0
Slakoth,155.0,104.0,92.0
Vigoroth,190.0,159.0,145.0
Slaking,284.0,290.0,166.0
Nincada,104.0,80.0,126.0
Ninjask,156.0,199.0,112.0
Shedinja,1.0,153.0,73.0
Whismur,162.0,92.0,42.0
Loudred,197.0,134.0,81.0
Exploud,232.0,179.0,137.0
Makuhita,176.0,99.0,54.0
Hariyama,302.0,209.0,114.0
Azurill,137.0,36.0,71.0
Nosepass,102.0,82.0,215.0
Skitty,137.0,84.0,79.0
Delcatty,172.0,132.0,127.0
Sableye,137.0,141.0,136.0
Mega Sableye,137.0,151.0,216.0
Mawile,137.0,155.0,141.0
Mega Mawile,137.0,188.0,217.0
Aron,137.0,121.0,141.0
Lairon,155.0,158.0,198.0
Aggron,172.0,198.0,257.0
Mega Aggron,172.0,247.0,331.0
Meditite,102.0,78.0,107.0
Medicham,155.0,121.0,152.0
Mega Medicham,155.0,205.0,179.0
Electrike,120.0,123.0,78.0
Manectric,172.0,215.0,127.0
Mega Manectric,172.0,286.0,179.0
Plusle,155.0,167.0,129.0
Minun,155.0,147.0,150.0
Volbeat,163.0,143.0,166.0
Illumise,163.0,143.0,166.0
Roselia,137.0,186.0,131.0
Gulpin,172.0,80.0,99.0
Swalot,225.0,140.0,159.0
Carvanha,128.0,171.0,39.0
Sharpedo,172.0,243.0,83.0
Mega Sharpedo,172.0,289.0,144.0
Wailmer,277.0,136.0,68.0
Wailord,347.0,175.0,87.0
Numel,155.0,119.0,79.0
Camerupt,172.0,194.0,136.0
Mega Camerupt,172.0,253.0,183.0
Torkoal,172.0,151.0,203.0
Spoink,155.0,125.0,122.0
Grumpig,190.0,171.0,188.0
Spinda,155.0,116.0,116.0
Trapinch,128.0,162.0,78.0
Vibrava,137.0,134.0,99.0
Flygon,190.0,205.0,168.0
Cacnea,137.0,156.0,74.0
Cacturne,172.0,221.0,115.0
Swablu,128.0,76.0,132.0
Altaria,181.0,141.0,201.0
Mega Altaria,181.0,222.0,218.0
Zangoose,177.0,222.0,124.0
Seviper,177.0,196.0,118.0
Lunatone,207.0,178.0,153.0
Solrock,207.0,178.0,153.0
Barboach,137.0,93.0,82.0
Whiscash,242.0,151.0,141.0
Corphish,125.0,141.0,99.0
Crawdaunt,160.0,224.0,142.0
Baltoy,120.0,77.0,124.0
Claydol,155.0,140.0,229.0
Lileep,165.0,105.0,150.0
Cradily,200.0,152.0,194.0
Anorith,128.0,176.0,100.0
Armaldo,181.0,222.0,174.0
Feebas,85.0,29.0,85.0
Milotic,216.0,192.0,219.0
Castform,172.0,139.0,139.0
Kecleon,155.0,161.0,189.0
Shuppet,127.0,138.0,65.0
Banette,162.0,218.0,126.0
Mega Banette,162.0,312.0,160.0
Duskull,85.0,70.0,162.0
Dusclops,120.0,124.0,234.0
Tropius,223.0,136.0,163.0
Chimecho,181.0,175.0,170.0
Mega Chimecho,181.0,244.0,228.0
Absol,163.0,246.0,120.0
Mega Absol,163.0,314.0,130.0
Mega Absol Z,163.0,332.0,138.0
Wynaut,216.0,41.0,86.0
Snorunt,137.0,95.0,95.0
Glalie,190.0,162.0,162.0
Mega Glalie,190.0,252.0,168.0
Spheal,172.0,95.0,90.0
Sealeo,207.0,137.0,132.0
Walrein,242.0,182.0,176.0
Clamperl,111.0,133.0,135.0
Huntail,146.0,197.0,179.0
Gorebyss,146.0,211.0,179.0
Relicanth,225.0,162.0,203.0
Luvdisc,125.0,81.0,128.0
Bagon,128.0,134.0,93.0
Shelgon,163.0,172.0,155.0
Salamence,216.0,277.0,168.0
Mega Salamence,216.0,310.0,251.0
Shadow Salamence,216.0,277.0,168.0
Beldum,120.0,96.0,132.0
Metang,155.0,138.0,176.0
Metagross,190.0,257.0,228.0
Shadow Metagross,190.0,257.0,228.0
Mega Metagross,189.0,300.0,289.0
Regirock,190.0,179.0,309.0
Regice,190.0,179.0,309.0
Registeel,190.0,143.0,285.0
Latias,190.0,228.0,246.0
Mega Latias,190.0,289.0,297.0
Latios,190.0,268.0,212.0
Mega Latios,190.0,335.0,241.0
Shadow Latios,190.0,268.0,212.0
Kyogre,205.0,270.0,228.0
Primal Kyogre,218.0,353.0,268.0
Shadow Kyogre,205.0,270.0,228.0
Groudon,205.0,270.0,228.0
Primal Groudon,218.0,353.0,268.0
Shadow Groudon,205.0,270.0,228.0
Rayquaza,213.0,284.0,170.0
Mega Rayquaza,227.0,377.0,210.0
Jirachi,225.0,210.0,210.0
Deoxys,137.0,345.0,115.0
Deoxys Attack,137.0,414.0,46.0
Deoxys Defense,137.0,144.0,330.0
Deoxys Speed,137.0,230.0,218.0
Turtwig,146.0,119.0,110.0
Grotle,181.0,157.0,143.0
Torterra,216.0,202.0,188.0
Chimchar,127.0,113.0,86.0
Monferno,162.0,158.0,105.0
Infernape,183.0,222.0,151.0
Piplup,142.0,112.0,102.0
Prinplup,162.0,150.0,139.0
Empoleon,197.0,210.0,186.0
Starly,120.0,101.0,58.0
Staravia,146.0,142.0,94.0
Staraptor,198.0,234.0,140.0
Mega Staraptor,198.0,278.0,207.0
Bidoof,153.0,80.0,73.0
Bibarel,188.0,162.0,119.0
Kricketot,114.0,45.0,74.0
Kricketune,184.0,160.0,100.0
Shinx,128.0,117.0,64.0
Luxio,155.0,159.0,95.0
Luxray,190.0,232.0,156.0
Budew,120.0,91.0,109.0
Roserade,155.0,243.0,185.0
Cranidos,167.0,218.0,71.0
Rampardos,219.0,295.0,109.0
Shadow Rampardos,219.0,295.0,109.0
Shieldon,102.0,76.0,195.0
Bastiodon,155.0,94.0,286.0
Burmy,120.0,53.0,83.0
Wormadam Plant,155.0,141.0,180.0
Wormadam Trash,155.0,127.0,175.0
Wormadam Sandy,155.0,141.0,180.0
Mothim,172.0,185.0,98.0
Combee,102.0,59.0,83.0
Vespiquen,172.0,149.0,190.0
Pachirisu,155.0,94.0,172.0
Buizel,146.0,132.0,67.0
Floatzel,198.0,221.0,114.0
Cherubi,128.0,108.0,92.0
Cherrim,172.0,170.0,153.0
Shellos,183.0,103.0,105.0
Gastrodon,244.0,169.0,143.0
Ambipom,181.0,205.0,143.0
Drifloon,207.0,117.0,80.0
Drifblim,312.0,180.0,102.0
Buneary,146.0,130.0,105.0
Lopunny,163.0,156.0,194.0
Mega Lopunny,163.0,282.0,214.0
Mismagius,155.0,211.0,187.0
Honchkrow,225.0,243.0,103.0
Shadow Honchkrow,225.0,243.0,103.0
Glameow,135.0,109.0,82.0
Purugly,174.0,172.0,133.0
Chingling,128.0,114.0,94.0
Stunky,160.0,121.0,90.0
Skuntank,230.0,184.0,132.0
Bronzor,149.0,43.0,154.0
Bronzong,167.0,161.0,213.0
Bonsly,137.0,124.0,133.0
Mime Jr.,85.0,125.0,142.0
Happiny,225.0,25.0,77.0
Chatot,183.0,183.0,91.0
Spiritomb,137.0,169.0,199.0
Gible,151.0,124.0,84.0
Gabite,169.0,172.0,125.0
Garchomp,239.0,261.0,193.0
Mega Garchomp,239.0,339.0,222.0
Mega Garchomp Z,239.0,321.0,196.0
Shadow Garchomp,239.0,261.0,193.0
Munchlax,286.0,137.0,117.0
Riolu,120.0,127.0,78.0
Lucario,172.0,236.0,144.0
Shadow Lucario,172.0,236.0,144.0
Mega Lucario,172.0,310.0,175.0
Mega Lucario Z,172.0,359.0,161.0
Hippopotas,169.0,124.0,118.0
Hippowdon,239.0,201.0,191.0
Skorupi,120.0,93.0,151.0
Drapion,172.0,180.0,202.0
Croagunk,134.0,116.0,76.0
Toxicroak,195.0,211.0,133.0
Carnivine,179.0,187.0,136.0
Finneon,135.0,96.0,116.0
Lumineon,170.0,142.0,170.0
Mantyke,128.0,105.0,179.0
Snover,155.0,115.0,105.0
Abomasnow,207.0,178.0,158.0
Mega Abomasnow,207.0,240.0,191.0
Weavile,172.0,243.0,171.0
Magnezone,172.0,238.0,205.0
Lickilicky,242.0,161.0,181.0
Rhyperior,251.0,241.0,190.0
Shadow Rhyperior,251.0,241.0,190.0
Tangrowth,225.0,207.0,184.0
Electivire,181.0,249.0,163.0
Magmortar,181.0,247.0,172.0
Togekiss,198.0,225.0,217.0
Yanmega,200.0,231.0,156.0
Leafeon,163.0,216.0,219.0
Glaceon,163.0,238.0,205.0
Gliscor,181.0,185.0,222.0
Mamoswine,242.0,247.0,146.0
Shadow Mamoswine,242.0,247.0,146.0
Porygon-Z,198.0,264.0,150.0
Gallade,169.0,237.0,195.0
Mega Gallade,169.0,326.0,230.0
Probopass,155.0,135.0,275.0
Dusknoir,128.0,180.0,254.0
Froslass,172.0,171.0,150.0
Mega Froslass,172.0,289.0,194.0
Rotom,137.0,185.0,159.0
Rotom Wash,137.0,204.0,219.0
Rotom Frost,137.0,204.0,219.0
Rotom Fan,137.0,204.0,219.0
Rotom Mow,137.0,204.0,219.0
Rotom Heat,137.0,204.0,219.0
Uxie,181.0,156.0,270.0
Mesprit,190.0,212.0,212.0
Azelf,181.0,270.0,151.0
Dialga,205.0,275.0,211.0
Shadow Dialga,205.0,275.0,211.0
Dialga Origin,205.0,270.0,225.0
Palkia,189.0,280.0,215.0
Shadow Palkia,189.0,280.0,215.0
Palkia Origin,189.0,286.0,223.0
Heatran,209.0,251.0,213.0
Mega Heatran,209.0,331.0,252.0
Regigigas,221.0,287.0,210.0
Shadow Regigigas,221.0,287.0,210.0
Giratina Altered,284.0,187.0,225.0
Giratina Origin,284.0,225.0,187.0
Cresselia,260.0,152.0,258.0
Phione,190.0,162.0,162.0
Manaphy,225.0,210.0,210.0
Darkrai,172.0,285.0,198.0
Mega Darkrai,172.0,325.0,265.0
Shadow Darkrai,172.0,285.0,198.0
Shaymin,225.0,210.0,210.0
Shaymin Sky,225.0,261.0,166.0
Arceus,237.0,238.0,238.0
Victini,225.0,210.0,210.0
Snivy,128.0,88.0,107.0
Servine,155.0,122.0,152.0
Serperior,181.0,161.0,204.0
Tepig,163.0,115.0,85.0
Pignite,207.0,173.0,106.0
Emboar,242.0,235.0,127.0
Mega Emboar,242.0,287.0,194.0
Oshawott,146.0,117.0,85.0
Dewott,181.0,159.0,116.0
Samurott,216.0,212.0,157.0
Hisuian Samurott,207.0,218.0,152.0
Patrat,128.0,98.0,73.0
Watchog,155.0,165.0,139.0
Lillipup,128.0,107.0,86.0
Herdier,163.0,145.0,126.0
Stoutland,198.0,206.0,182.0
Purrloin,121.0,98.0,73.0
Liepard,162.0,187.0,106.0
Pansage,137.0,104.0,94.0
Simisage,181.0,206.0,133.0
Pansear,137.0,104.0,94.0
Simisear,181.0,206.0,133.0
Panpour,137.0,104.0,94.0
Simipour,181.0,206.0,133.0
Munna,183.0,111.0,92.0
Musharna,253.0,183.0,166.0
Pidove,137.0,98.0,80.0
Tranquill,158.0,144.0,107.0
Unfezant,190.0,226.0,146.0
Blitzle,128.0,118.0,64.0
Zebstrika,181.0,211.0,136.0
Roggenrola,146.0,121.0,110.0
Boldore,172.0,174.0,143.0
Gigalith,198.0,226.0,201.0
Shadow Gigalith,198.0,226.0,201.0
Woobat,163.0,107.0,85.0
Swoobat,167.0,161.0,119.0
Drilbur,155.0,154.0,85.0
Excadrill,242.0,255.0,129.0
Shadow Excadrill,242.0,255.0,129.0
Mega Excadrill,242.0,322.0,184.0
Audino,230.0,114.0,163.0
Mega Audino,230.0,147.0,239.0
Timburr,181.0,134.0,87.0
Gurdurr,198.0,180.0,134.0
Conkeldurr,233.0,243.0,158.0
Shadow Conkeldurr,233.0,243.0,158.0
Tympole,137.0,98.0,78.0
Palpitoad,181.0,128.0,109.0
Seismitoad,233.0,188.0,150.0
Throh,260.0,172.0,160.0
Sawk,181.0,231.0,153.0
Sewaddle,128.0,96.0,124.0
Swadloon,146.0,115.0,162.0
Leavanny,181.0,205.0,165.0
Venipede,102.0,83.0,99.0
Whirlipede,120.0,100.0,173.0
Scolipede,155.0,203.0,175.0
Mega Scolipede,155.0,257.0,254.0
Cottonee,120.0,71.0,111.0
Whimsicott,155.0,164.0,176.0
Petilil,128.0,119.0,91.0
Lilligant,172.0,214.0,155.0
Hisuian Lilligant,172.0,208.0,159.0
Basculin,172.0,189.0,129.0
Hisuian Basculin,172.0,189.0,129.0
Sandile,137.0,132.0,69.0
Krokorok,155.0,155.0,90.0
Krookodile,216.0,229.0,158.0
Darumaka,172.0,153.0,86.0
Galarian Darumaka,172.0,153.0,86.0
Darmanitan,233.0,263.0,114.0
Shadow Darmanitan,233.0,263.0,114.0
Darmanitan Zen,233.0,243.0,202.0
Galarian Darmanitan,233.0,263.0,114.0
Galarian Darmanitan Zen,233.0,323.0,123.0
Maractus,181.0,201.0,130.0
Dwebble,137.0,118.0,128.0
Crustle,172.0,188.0,200.0
Scraggy,137.0,132.0,132.0
Scrafty,163.0,163.0,222.0
Mega Scrafty,163.0,238.0,266.0
Sigilyph,176.0,204.0,167.0
Yamask,116.0,95.0,141.0
Galarian Yamask,116.0,95.0,141.0
Cofagrigus,151.0,163.0,237.0
Tirtouga,144.0,134.0,146.0
Carracosta,179.0,192.0,197.0
Archen,146.0,213.0,89.0
Archeops,181.0,292.0,139.0
Trubbish,137.0,96.0,122.0
Garbodor,190.0,181.0,164.0
Zorua,120.0,153.0,78.0
Hisuian Zorua,111.0,162.0,79.0
Zoroark,155.0,250.0,127.0
Hisuian Zorark,146.0,261.0,128.0
Minccino,146.0,98.0,80.0
Cinccino,181.0,198.0,130.0
Gothita,128.0,98.0,112.0
Gothorita,155.0,137.0,153.0
Gothitelle,172.0,176.0,205.0
Solosis,128.0,170.0,83.0
Duosion,163.0,208.0,103.0
Reuniclus,242.0,214.0,148.0
Ducklett,158.0,84.0,96.0
Swanna,181.0,182.0,132.0
Vanillite,113.0,118.0,106.0
Vanillish,139.0,151.0,138.0
Vanilluxe,174.0,218.0,184.0
Deerling,155.0,115.0,100.0
Sawsbuck,190.0,198.0,146.0
Emolga,146.0,158.0,127.0
Karrablast,137.0,137.0,87.0
Escavalier,172.0,223.0,187.0
Foongus,170.0,97.0,91.0
Amoonguss,249.0,155.0,139.0
Frillish,146.0,115.0,134.0
Jellicent,225.0,159.0,178.0
Alomomola,338.0,138.0,131.0
Joltik,137.0,110.0,98.0
Galvantula,172.0,201.0,128.0
Ferroseed,127.0,82.0,155.0
Ferrothorn,179.0,158.0,223.0
Klink,120.0,98.0,121.0
Klang,155.0,150.0,174.0
Klinklang,155.0,199.0,214.0
Tynamo,111.0,105.0,78.0
Eelektrik,163.0,156.0,130.0
Eelektross,198.0,217.0,152.0
Mega Eelektross,198.0,291.0,175.0
Elgyem,146.0,148.0,100.0
Beheeyem,181.0,221.0,163.0
Litwick,137.0,108.0,98.0
Lampent,155.0,169.0,115.0
Chandelure,155.0,271.0,182.0
Shadow Chandelure,155.0,271.0,182.0
Mega Chandelure,155.0,335.0,227.0
Axew,130.0,154.0,101.0
Fraxure,165.0,212.0,123.0
Haxorus,183.0,284.0,172.0
Shadow Haxorus,183.0,284.0,172.0
Cubchoo,146.0,128.0,74.0
Beartic,216.0,233.0,152.0
Cryogonal,190.0,190.0,218.0
Shelmet,137.0,72.0,140.0
Accelgor,190.0,220.0,120.0
Stunfisk,240.0,144.0,171.0
Galarian Stunfisk,240.0,144.0,171.0
Mienfoo,128.0,160.0,98.0
Mienshao,163.0,258.0,127.0
Druddigon,184.0,213.0,170.0
Golett,153.0,127.0,92.0
Golurk,205.0,222.0,154.0
Mega Golurk,205.0,284.0,202.0
Pawniard,128.0,154.0,114.0
Bisharp,163.0,232.0,176.0
Bouffalant,216.0,195.0,182.0
Rufflet,172.0,150.0,97.0
Braviary,225.0,232.0,152.0
Hisuian Braviary,242.0,213.0,137.0
Vullaby,172.0,105.0,139.0
Mandibuzz,242.0,129.0,205.0
Heatmor,198.0,204.0,129.0
Durant,151.0,217.0,188.0
Deino,141.0,116.0,93.0
Zweilous,176.0,159.0,135.0
Hydreigon,211.0,256.0,188.0
Larvesta,146.0,156.0,107.0
Volcarona,198.0,264.0,189.0
Cobalion,209.0,192.0,229.0
Terrakion,209.0,260.0,192.0
Shadow Terrakion,209.0,260.0,192.0
Virizion,209.0,192.0,229.0
Tornadus I,188.0,266.0,164.0
Tornadus Incarnate,188.0,266.0,164.0
Tornadus T,188.0,238.0,189.0
Tornadus Therian,188.0,238.0,189.0
Thundurus I,188.0,266.0,164.0
Thundurus Incarnate,188.0,266.0,164.0
Thundurus T,188.0,295.0,161.0
Thundurus Therian,188.0,295.0,161.0
Shadow Thundurus T,188.0,295.0,161.0
Reshiram,205.0,275.0,211.0
Shadow Reshiram,205.0,275.0,211.0
Zekrom,205.0,275.0,211.0
Shadow Zekrom,205.0,275.0,211.0
Landorus I,205.0,261.0,182.0
Landorus Incarnate,205.0,261.0,182.0
Shadow Landorus Incarnate,205.0,261.0,182.0
Landorus-T,205.0,289.0,179.0
Landorus Therian,205.0,289.0,179.0
Shadow Landorus-T,205.0,289.0,179.0
Shadow Landorus Therian,205.0,289.0,179.0
Kyurem,245.0,246.0,170.0
Shadow Kyurem,245.0,246.0,170.0
Kyurem White,245.0,310.0,183.0
Kyurem Black,245.0,310.0,183.0
Keldeo,209.0,260.0,192.0
Keldeo Resolute,209.0,260.0,192.0
Meloetta Aria,225.0,250.0,225.0
Meloetta Pirouette,225.0,269.0,188.0
Genesect,174.0,252.0,199.0
Chespin,148.0,110.0,106.0
Quilladin,156.0,146.0,156.0
Chesnaught,204.0,201.0,204.0
Mega Chesnaught,204.0,242.0,282.0
Fennekin,120.0,116.0,102.0
Braixen,153.0,171.0,130.0
Delphox,181.0,230.0,189.0
Mega Delphox,181.0,331.0,235.0
Froakie,121.0,122.0,84.0
Frogadier,144.0,168.0,114.0
Greninja,176.0,223.0,152.0
Mega Greninja,176.0,299.0,180.0
Ash-Greninja,176.0,339.0,155.0
Bunnelby,116.0,68.0,72.0
Diggersby,198.0,112.0,155.0
Fletchling,128.0,95.0,80.0
Fletchinder,158.0,145.0,110.0
Talonflame,186.0,176.0,155.0
Scatterbug,116.0,63.0,63.0
Spewpa,128.0,48.0,89.0
Vivillon,190.0,176.0,103.0
Litleo,158.0,139.0,112.0
Pyroar,200.0,221.0,149.0
Mega Pyroar,200.0,273.0,198.0
Flabébé,127.0,108.0,120.0
Floette,144.0,136.0,151.0
Mega Eternal Floette,179.0,309.0,264.0
Florges,186.0,212.0,244.0
Skiddo,165.0,123.0,102.0
Gogoat,265.0,196.0,146.0
Pancham,167.0,145.0,107.0
Pangoro,216.0,226.0,146.0
Furfrou,181.0,164.0,167.0
Espurr,158.0,120.0,114.0
Meowstic,179.0,166.0,167.0
Mega Meowstic,179.0,288.0,201.0
Honedge,128.0,135.0,139.0
Doublade,153.0,188.0,206.0
Aegislash Blade,155.0,272.0,97.0
Aegislash Shield,155.0,97.0,272.0
Spritzee,186.0,110.0,113.0
Aromatisse,226.0,173.0,150.0
Swirlix,158.0,109.0,119.0
Slurpuff,193.0,168.0,163.0
Inkay,142.0,98.0,95.0
Malamar,200.0,177.0,165.0
Mega Malamar,200.0,208.0,222.0
Binacle,123.0,96.0,120.0
Barbaracle,176.0,194.0,205.0
Mega Barbaracle,176.0,268.0,248.0
Skrelp,137.0,109.0,109.0
Dragalge,163.0,177.0,207.0
Mega Dragalge,163.0,236.0,265.0
Clauncher,137.0,108.0,117.0
Clawitzer,174.0,221.0,171.0
Helioptile,127.0,115.0,78.0
Heliolisk,158.0,219.0,168.0
Tyrunt,151.0,158.0,123.0
Tyrantrum,193.0,227.0,191.0
Shadow Tyrantrum,193.0,227.0,191.0
Amaura,184.0,124.0,109.0
Aurorus,265.0,186.0,163.0
Sylveon,216.0,203.0,205.0
Hawlucha,186.0,195.0,153.0
Mega Hawlucha,186.0,280.0,212.0
Dedenne,167.0,164.0,134.0
Carbink,137.0,95.0,285.0
Goomy,128.0,101.0,112.0
Sliggoo,169.0,159.0,176.0
Goodra,207.0,220.0,242.0
Klefki,149.0,160.0,179.0
Phantump,125.0,125.0,103.0
Trevenant,198.0,201.0,154.0
Pumpkaboo Average,135.0,121.0,123.0
Pumpkaboo Small,127.0,122.0,124.0
Pumpkaboo Large,144.0,120.0,122.0
Pumpkaboo Super,153.0,118.0,120.0
Gourgeist Average,163.0,175.0,213.0
Gourgeist Small,146.0,171.0,219.0
Gourgeist Large,181.0,179.0,206.0
Gourgeist Super,198.0,182.0,200.0
Bergmite,146.0,117.0,120.0
Avalugg,216.0,196.0,240.0
Noibat,120.0,83.0,73.0
Noivern,198.0,205.0,175.0
Xerneas,246.0,250.0,185.0
Yveltal,246.0,250.0,185.0
Shadow Yveltal,246.0,250.0,185.0
Zygarde 50%,239.0,203.0,232.0
Zygarde 10%,144.0,205.0,173.0
Mega Complete Zygarde,415.0,403.0,181.0
Mega Complete Zygarde,428.0,416.0,187.0
Zygarde Complete,389.0,184.0,207.0
Diancie,137.0,190.0,285.0
Mega Diancie,137.0,342.0,235.0
Hoopa Confined,173.0,261.0,187.0
Hoopa Unbound,173.0,311.0,191.0
Volcanion,190.0,252.0,216.0
Rowlet,169.0,102.0,99.0
Dartrix,186.0,142.0,139.0
Decidueye,186.0,210.0,179.0
Hisuian Decidueye,204.0,213.0,174.0
Litten,128.0,128.0,79.0
Torracat,163.0,174.0,103.0
Incineroar,216.0,214.0,175.0
Popplio,137.0,120.0,103.0
Brionne,155.0,168.0,145.0
Primarina,190.0,232.0,195.0
Pikipek,111.0,136.0,59.0
Trumbeak,146.0,159.0,100.0
Toucannon,190.0,222.0,146.0
Shadow Toucannon,190.0,222.0,146.0
Yungoos,134.0,122.0,56.0
Gumshoos,204.0,194.0,113.0
Grubbin,132.0,115.0,85.0
Charjabug,149.0,145.0,161.0
Vikavolt,184.0,254.0,158.0
Crabrawler,132.0,150.0,104.0
Crabominable,219.0,231.0,138.0
Mega Crabominable,219.0,266.0,213.0
Oricorio Baile,181.0,196.0,145.0
Oricorio Pom-Pom,181.0,196.0,145.0
Oricorio Sensu,181.0,196.0,145.0
Oricorio Pa'u,181.0,196.0,145.0
Cutiefly,120.0,110.0,81.0
Ribombee,155.0,198.0,146.0
Rockruff,128.0,117.0,78.0
Lycanroc Midday,181.0,231.0,140.0
Lycanroc Dusk,181.0,234.0,139.0
Lycanroc Midnight,198.0,218.0,152.0
Wishiwashi Solo,128.0,46.0,43.0
Wishiwashi School,128.0,255.0,242.0
Mareanie,137.0,98.0,110.0
Toxapex,137.0,114.0,273.0
Mudbray,172.0,175.0,121.0
Mudsdale,225.0,214.0,174.0
Dewpider,116.0,72.0,117.0
Araquanid,169.0,126.0,219.0
Fomantis,120.0,100.0,64.0
Lurantis,172.0,192.0,169.0
Morelull,120.0,108.0,119.0
Shiinotic,155.0,154.0,168.0
Salandit,134.0,136.0,80.0
Salazzle,169.0,228.0,130.0
Stufful,172.0,136.0,95.0
Bewear,260.0,226.0,141.0
Bounsweet,123.0,55.0,69.0
Steenee,141.0,78.0,94.0
Tsareena,176.0,222.0,195.0
Comfey,139.0,165.0,215.0
Oranguru,207.0,168.0,192.0
Passimian,225.0,222.0,160.0
Wimpod,93.0,67.0,74.0
Golisopod,181.0,218.0,226.0
Mega Golisopod,181.0,260.0,287.0
Sandygast,146.0,120.0,118.0
Palossand,198.0,178.0,178.0
Pyukumuku,146.0,97.0,224.0
Type Null,216.0,184.0,184.0
Silvally,216.0,198.0,198.0
Minior Meteor,155.0,116.0,194.0
Minior Core,155.0,218.0,131.0
Komala,163.0,216.0,165.0
Turtonator,155.0,165.0,215.0
Togedemaru,163.0,190.0,145.0
Mimikyu,146.0,177.0,199.0
Bruxish,169.0,208.0,145.0
Drampa,186.0,231.0,164.0
Mega Drampa,186.0,278.0,210.0
Dhelmise,172.0,233.0,179.0
Jangmo-o,128.0,102.0,108.0
Hakamo-o,146.0,145.0,162.0
Kommo-o,181.0,222.0,240.0
Tapu Koko,172.0,250.0,181.0
Tapu Lele,172.0,259.0,208.0
Tapu Bulu,172.0,249.0,215.0
Tapu Fini,172.0,189.0,254.0
Cosmog,125.0,54.0,57.0
Cosmoem,125.0,54.0,242.0
Solgaleo,264.0,255.0,191.0
Lunala,264.0,255.0,191.0
Nihilego,240.0,249.0,210.0
Buzzwole,216.0,236.0,196.0
Pheromosa,174.0,316.0,85.0
Xurkitree,195.0,330.0,144.0
Shadow Xurkitree,195.0,330.0,144.0
Celesteela,219.0,207.0,199.0
Kartana,139.0,323.0,182.0
Shadow Kartana,139.0,323.0,182.0
Guzzlord,440.0,188.0,99.0
Necrozma,219.0,251.0,195.0
Necrozma Dusk Mane,200.0,277.0,220.0
Necrozma Dawn Wings,200.0,277.0,220.0
Ultra Necrozma,200.0,337.0,196.0
Magearna,190.0,246.0,225.0
Mega Magearna,190.0,342.0,239.0
Marshadow,207.0,265.0,190.0
Poipole,167.0,145.0,133.0
Naganadel,177.0,263.0,159.0
Stakataka,156.0,213.0,298.0
Blacephalon,142.0,315.0,148.0
Zeraora,204.0,252.0,177.0
Mega Zeraora,204.0,361.0,180.0
Meltan,130.0,118.0,99.0
Melmetal,264.0,226.0,190.0
Grookey,137.0,122.0,91.0
Thwackey,172.0,165.0,134.0
Rillaboom,225.0,239.0,168.0
Scorbunny,137.0,132.0,79.0
Raboot,163.0,170.0,125.0
Cinderace,190.0,238.0,163.0
Shadow Cinderace,190.0,238.0,163.0
Sobble,137.0,132.0,79.0
Drizzile,163.0,186.0,113.0
Inteleon,142.0,262.0,172.0
Shadow Inteleon,142.0,262.0,172.0
Skwovet,172.0,95.0,86.0
Greedent,260.0,160.0,156.0
Wooloo,123.0,76.0,97.0
Dubwool,176.0,159.0,198.0
Obstagoon,212.0,180.0,194.0
Perrserker,172.0,195.0,162.0
Sirfetch’d,158.0,248.0,176.0
Mr. Rime,190.0,212.0,179.0
Runerigus,151.0,163.0,237.0
Falinks,163.0,193.0,170.0
Mega Falinks,163.0,267.0,229.0
Dreepy,99.0,117.0,61.0
Drakloak,169.0,163.0,105.0
Dragapult,204.0,266.0,170.0
Zacian Hero,192.0,254.0,236.0
Zacian Crown,192.0,332.0,240.0
Zamazenta Hero,192.0,254.0,236.0
Zamazenta Crown,192.0,250.0,292.0
Eternatus,268.0,278.0,192.0
Kubfu,150.0,170.0,112.0
Urshifu Rapid Strike,225.0,254.0,177.0
Urshifu Single Strike,225.0,254.0,177.0
Zarude,233.0,242.0,215.0
Regieleki,190.0,250.0,125.0
Regidrago,400.0,202.0,101.0
Shadow Regidrago,400.0,202.0,101.0
Calyrex,225.0,162.0,162.0
Calyrex Ice Rider,205.0,268.0,246.0
Calyrex Shadow Rider,205.0,324.0,194.0
Wyrdeer,230.0,206.0,145.0
Kleavor,172.0,253.0,174.0
Ursaluna,277.0,243.0,181.0
Shadow Ursaluna,277.0,243.0,181.0
Basculegion,260.0,217.0,144.0
Sneasler,190.0,259.0,158.0
Overqwil,198.0,222.0,171.0
Enamorus Incarnate,179.0,281.0,162.0
Enamorus Therian,179.0,250.0,201.0
Sprigatito,120.0,116.0,99.0
Floragato,156.0,157.0,128.0
Meowscarada,183.0,233.0,153.0
Fuecoco,167.0,112.0,96.0
Crocalor,191.0,162.0,134.0
Skeledirge,232.0,207.0,178.0
Quaxly,146.0,120.0,86.0
Quaxwell,172.0,162.0,123.0
Quaquaval,198.0,236.0,159.0
Lechonk,144.0,81.0,79.0
Oinkologne Male,242.0,186.0,153.0
Oinkologne Female,251.0,169.0,162.0
Nymble,107.0,81.0,65.0
Lokix,174.0,199.0,144.0
Pawmi,128.0,95.0,45.0
Pawmo,155.0,147.0,82.0
Pawmot,172.0,232.0,141.0
Smoliv,121.0,100.0,89.0
Dolliv,141.0,137.0,131.0
Arboliva,186.0,219.0,189.0
Charcadet,120.0,92.0,74.0
Armarouge,198.0,234.0,185.0
Ceruledge,181.0,239.0,189.0
Tadbulb,156.0,104.0,73.0
Bellibolt,240.0,184.0,165.0
Mega Scovillain,163.0,276.0,170.0
Tinkatink,137.0,85.0,110.0
Tinkatuff,163.0,109.0,145.0
Tinkaton,198.0,155.0,196.0
Shadow Tinkaton,198.0,155.0,196.0
Wiglett,67.0,109.0,52.0
Wugtrio,111.0,205.0,136.0
Bombirdier,172.0,198.0,172.0
Varoom,128.0,123.0,107.0
Revavroom,190.0,229.0,168.0
Cyclizar,172.0,205.0,142.0
Orthworm,172.0,161.0,219.0
Glimmet,134.0,187.0,104.0
Glimmora,195.0,246.0,177.0
Mega Glimmora,195.0,300.0,214.0
Greavard,137.0,105.0,106.0
Houndstone,176.0,186.0,195.0
Flamigo,193.0,227.0,145.0
Cetoddle,239.0,119.0,80.0
Cetitan,347.0,208.0,123.0
Veluza,207.0,196.0,139.0
Dondozo,312.0,176.0,178.0
Tatsugiri,169.0,226.0,166.0
Mega Tatsugiri,169.0,262.0,232.0
Annihilape,242.0,220.0,178.0
Clodsire,277.0,127.0,151.0
Farigiraf,260.0,209.0,136.0
Dudunsparce,268.0,188.0,150.0
Kingambit,203.0,238.0,225.0
Great Tusk,251.0,249.0,209.0
Scream Tail,234.0,139.0,251.0
Brute Bonnet,190.0,232.0,244.0
Flutter Mane,146.0,280.0,235.0
Slither Wing,198.0,261.0,193.0
Sandy Shocks,198.0,244.0,195.0
Iron Treads,207.0,227.0,216.0
Iron Bundle,148.0,266.0,211.0
Iron Hands,319.0,245.0,177.0
Iron Jugulis,214.0,249.0,179.0
Iron Moth,190.0,281.0,196.0
Iron Thorns,225.0,250.0,200.0
Frigibax,163.0,134.0,86.0
Arctibax,207.0,173.0,128.0
Baxcalibur,229.0,254.0,168.0
Shadow Baxcalibur,229.0,254.0,168.0
Mega Baxcalibur,244.0,331.0,221.0
Gimmighoul Roaming,128.0,140.0,76.0
Gholdengo,202.0,252.0,190.0
Wo-Chien,198.0,186.0,242.0
Chien-Pao,190.0,261.0,167.0
Ting-Lu,321.0,194.0,203.0
Chi-Yu,146.0,269.0,221.0
Roaring Moon,233.0,280.0,196.0
Iron Valiant,179.0,279.0,171.0
Koraidon,205.0,263.0,223.0
Miraidon,205.0,263.0,223.0
Walking Wake,188.0,256.0,188.0
Iron Leaves,207.0,259.0,213.0
Dipplin,190.0,173.0,184.0
Poltchageist,96.0,134.0,120.0
Sinistea,190.0,225.0,174.0
Okidogi,186.0,220.0,191.0
Munkidori,186.0,238.0,157.0
Fezandipiti,186.0,169.0,208.0
Ogerpon,173.0,219.0,178.0
Ogerpon-W,173.0,219.0,178.0
Ogerpon-H,173.0,219.0,178.0
Ogerpon-C,173.0,219.0,178.0
Archuladon,207.0,250.0,215.0
Hydrapple,235.0,216.0,186.0
Gouging Fire,213.0,205.0,208.0
Raging Bolt,245.0,235.0,165.0
Iron Boulder,189.0,227.0,195.0
Iron Crown,189.0,221.0,200.0
Terapagos,207.0,126.0,165.0
Pecharunt,204.0,181.0,273.0
