Boss Name,Star,Strat,FM,CM,Weather,Adventure effect Image,Pokemon 1,Roles,FM,CM,Pokemon 2,Roles,FM,CM,Pokemon 3,Roles,FM,CM,Pokemon 4,Roles,FM,CM,Pokemon 5,Roles,FM,CM,Pokemon 6,Roles,FM,CM,VOD,Link,Notes
Articuno,5 ⭐,Catch Tank,Any,Blizzard,Partly Cloudy,,Shadow Rampardos,"Main DPS, 1x",Smack Down,Rock Slide,Shadow Rampardos,"Support DPS, 1x",Smack Down,Rock Slide,Shadow Tyrantrum,"Catch Tank, 4x",Rock Throw,Meteor Beam,,,,,,,,,,,,,VOD,https://www.youtube.com/watch?v=Z_nI0zDTeJo,"Vod uses shield boost, however faster TTW exists w/ NAE Lv 50s"
Articuno,5 ⭐,Hot Swap,Frost Breath,Icy Wind,Partly Cloudy,,Shadow Rampardos,"Main DPS, 1x",Smack Down,Rock Slide,Shadow Rampardos,"Support DPS, 4x",Smack Down,Rock Slide,Shadow Rhyperior,"Support DPS, 1x",Smack Down,Rock Wrecker,,,,,,,,,,,,,VOD,https://www.youtube.com/watch?v=WZ6UpLTLIC0,
Articuno,5 ⭐,Hot Swap,Any,Any,Partly Cloudy,https://cdn2.steamgriddb.com/icon_thumb/55e643e737da20b912037cce912305fb.png,Shadow Rampardos,"Main DPS, 1x",Smack Down,Rock Slide,Shadow Rampardos,"Support DPS, 2x",Smack Down,Rock Slide,Shadow Tyrantrum,"Support DPS, 1x",Rock throw,Meteor Beam,Shadow Rhyperior,"Support DPS, 1x",Smack Down,Rock Wrecker,Mega Diancie,"Support DPS, 1x",Rock throw,Rock Slide,,,,,VOD,https://youtu.be/I28jq97sjEM?si=QbKVagJOSGJGkEUQ,Level ~40s
Articuno,5 ⭐,Catch Tank,Any,Blizzard,Partly Cloudy,https://static.wikia.nocookie.net/396c21d1-3e98-4c0d-8bb2-9150fda4ec41,Shadow Rampardos,"Main DPS, 1x",Smack Down,Rock Slide,Shadow Rampardos,"Support DPS, 1x",Smack Down,Rock Slide,Shadow Tyrantrum,"Catch Tank, 4x",Rock throw,Meteor Beam,,,,,,,,,,,,,VOD,https://www.youtube.com/watch?v=Z_nI0zDTeJo,"Level ~43 avg Tyrantrums, Lv 47 avg Rampardos"
Azelf,4 ⭐,Hot Swap,Any,Any,Fog,,Mega Gengar,"Main DPS, 1x",Lick,Shadow Ball,Necrozma Dawn Wings,"Support DPS, 4x",Shadow Claw,Moongeist Beam,,,,,,,,,,,,,,,,,VOD,https://www.youtube.com/watch?v=R9w3zmdG_E0,
Azelf,5.5 ⭐,Hot Swap/TPC,Confusion,Future Sight,Extreme,https://cdn2.steamgriddb.com/icon_thumb/55e643e737da20b912037cce912305fb.png,Mega Gengar,"Executor, 1x",Lick,Shadow Ball,Necrozma Dawn Wings,"Main DPS, 2x",Psycho Cut,Moongeist Beam,,,,,,,,,,,,,,,,,VOD,https://www.youtube.com/watch?v=yH8ptUICK1s,
Azelf,4 ⭐,Hot Swap/TPC,Confusion,Future Sight,Extreme,https://cdn2.steamgriddb.com/icon_thumb/55e643e737da20b912037cce912305fb.png,Necrozma Dawn Wings,"Main DPS, 1x",Psycho Cut,Moongeist Beam,Necrozma Dawn Wings,"Support DPS, 5x",Psycho Cut,Moongeist Beam,,,,,,,,,,,,,,,,,VOD,https://www.youtube.com/watch?v=Qfc357XZK2E&feature=youtu.be,
Azelf,4 ⭐,Hot Swap/CT,Confusion,Fire Blast,Clear,https://cdn2.steamgriddb.com/icon_thumb/55e643e737da20b912037cce912305fb.png,Necrozma Dawn Wings,"Main DPS, 1x",Shadow Claw,Moongeist Beam,Necrozma Dawn Wings,"Support DPS, Catch Tank, 5x",Shadow Claw,Moongeist Beam,,,,,,,,,,,,,,,,,VOD,https://www.youtube.com/watch?v=JQUQss2ii-4,
Azelf,4 ⭐,Hot Swap,Any,Any,Extreme,https://cdn2.steamgriddb.com/icon_thumb/55e643e737da20b912037cce912305fb.png,Necrozma Dawn Wings,"Main DPS, 1x",Any,Moongeist Beam,Necrozma Dawn Wings,"Support DPS, 4x",Any,Moongeist Beam,Mega Gengar,"Executor, 1x",Lick,Shadow Ball,,,,,,,,,,,,,VOD,https://www.youtube.com/watch?v=yH8ptUICK1s,
Azelf,4 ⭐,Varies,Any,Fire Blast,Extreme,https://cdn2.steamgriddb.com/icon_thumb/55e643e737da20b912037cce912305fb.png,Necrozma Dawn Wings,"Main DPS, 1x",Shadow Claw,Moongeist Beam,Necrozma Dawn Wings,"Catch Tank, 5x",Shadow Claw,Moongeist Beam,Mega Gengar,"Executor, 1x",Lick,Shadow Ball,,,,,,,,,,,,,VOD,https://youtu.be/2yNBIdsp70s?is=hQ98J0yQqjJSkInS,VOD contains phantom rejoin delay bug & some lag.
Azelf,5.5 ⭐,Double CT,Extrasensory,Fire Blast,Rainy,,Mega Heracross,"Main DPS, 1x",Fury Cutter,Megahorn,Necrozma Dawn Wings,"Catch Tank, 3x",Psycho Cut,Moongeist Beam,Pheromosa,"Support DPS, 1x",Bug Bite,Bug Buzz,,,,,,,,,,,,,,,
Azelf,7 ⭐,HS/CT,Confusion,Fire Blast,Sunny,,Necrozma Dawn Wings,"Main DPS, 1x",Shadow Claw,Moongeist Beam,Necrozma Dawn Wings,"Support DPS, 5x",Shadow Claw,Moongeist Beam,Mega Gengar,Executor,Lick,Shadow Ball,Shadow Regigigas,"Catch Tank, Varies",Hidden Power Bu,Crush Grip,,,,,,,,,,,
Blacephalon,5 ⭐,Varies,Any,Varies,Extreme,,Necrozma Dawn Wings,"Main DPS, 1x",Psycho Cut,Moongeist Beam,Necrozma Dawn Wings,"Catch Tank, 4x",Psycho Cut,Moongeist Beam,Shadow Groudon,"Catch Tank, 1x",Mud Shot,Precipice Blades,,,,,,,,,,,,,VOD,https://www.youtube.com/watch?v=iydZnY2xZMw,
Blacephalon,5 ⭐,Hot Swap,Any,Any,Rainy,,Primal Kyogre,"Main DPS, 1x",Waterfall,Origin Pulse,Shadow Kyogre,"Support DPS, 1x",waterfall,Origin Pulse,,,,,,,,,,,,,,,,,VOD,https://www.youtube.com/watch?v=kqNmDNoiUek,
Blacephalon,5 ⭐,Catch Tank,Any,Any,Fog,,Mega Gengar,"Main DPS, 1x",Lick,Shadow Ball,Necrozma Dawn Wings,"Support DPS, 1x",Psycho Cut,Moongeist Beam,Shadow Gengar,"Catch Tank, 2x",Lick,Shadow Ball,,,,,,,,,,,,,VOD,https://www.youtube.com/watch?v=4LIDY7su5i8,
Blacephalon,5 ⭐,Catch Tank,Incinerate,Mystical Fire,Clear,,Primal Groudon,"Main DPS, 1x",Mud Shot,Precipice Blades,Shadow Mamoswine,"Catch Tank, 1x",Mud Slap,High Horsepower,,,,,,,,,,,,,,,,,VOD,https://www.youtube.com/shorts/0TbANYE5REM,
Blacephalon,5 ⭐,Hot Swap/CT,Any,Shadow Ball,Extreme,https://cdn2.steamgriddb.com/icon_thumb/55e643e737da20b912037cce912305fb.png,Primal Groudon,"Main DPS, 1x",Mud Shot,Precipice Blades,Necrozma Dawn Wings,"Catch Tank, 1x",Psycho Cut,Moongeist Beam,Shadow Groudon,"Support DPS, 4x",Mud Shot,Precipice Blades,,,,,,,,,,,,,VOD,https://youtu.be/6mUGoQhtTKQ?si=vp0tsFpACV-34CYg,VOD contains Faint Swap Bug & a rubber band animation bug
Blacephalon,5.5 ⭐,CT/Dodge,Incinerate,Overheat,Clear,,Primal Groudon,"Main DPS, 1x",Mud Shot,Precipice Blades,Necrozma Dawn Wings,"Catch Tank, 3x",Psycho Cut,Moongeist Beam,Shadow Garchomp,"Catch Tank, 1x",Mud Shot,Earthquake,,,,,,,,,,,,,VOD,https://www.youtube.com/watch?v=8vM9zKEHw5M,Dodge after overheat lands or incinerate kills Necrozma Dawn Wings.
Buzzwole,3 ⭐,,Any,Any,Extreme,,Mega Rayquaza,"Main DPS, 1x",Air Slash,Dragon Ascent,,,,,,,,,,,,,,,,,,,,,VOD,https://www.youtube.com/watch?v=QdsQRimIpZo,
Celesteela,6 ⭐,HS/CT,Air Slash,Varies,Clear,https://cdn2.steamgriddb.com/icon_thumb/55e643e737da20b912037cce912305fb.png,Shadow Reshiram,"Main DPS, 1x",Fire Fang,Fusion Flare,Shadow Reshiram,"Support DPS, 4x",Fire Fang,Fusion Flare,,,,,,,,,,,,,,,,,,,Bulldoze for highest DPS but harder RNG
Celesteela,7 ⭐,DBP,Smack Down,Body Slam,Clear,https://cdn2.steamgriddb.com/icon_thumb/55e643e737da20b912037cce912305fb.png,Blacephalon,"Main DPS, 1x",Incinerate,Mind Blown,Blacephalon,"Support DPS, 10x",Incinerate,Mind Blown,Mega Blaziken,"Executor, 1x",Fire Spin,Blast Burn & Blaze Kick,,,,,,,,,,,,,VOD,https://youtube.com/shorts/ZozVhPoZGcc?si=TfZG_qZ4OMFKUxEP,Game autoloads second party as recommended; mirroring a healskip
Darkrai,6 ⭐,Catch Tank,Any,Focus Blast,Cloudy,https://cdn2.steamgriddb.com/icon_thumb/55e643e737da20b912037cce912305fb.png,Mega Lucario,"Main DPS, 1x",Force Palm,Aura Sphere,Kyurem Black,"Catch Tank, 3x",Shadow Claw,Freeze Shock,Keldeo Resolute,"Catch Tank, Executor, 2x",Low Kick,Secret Sword,,,,,,,,,,,,,VOD,https://fixupx.com/hwangokhone/status/2030093056435966014?s=46&t=MtHJoHw2nNGhb4jtXq3o1w,2 Keldeo makes this raid more consistent.
Darkrai,6 ⭐,Catch Tank,Any,Focus Blast,Cloudy,https://cdn2.steamgriddb.com/icon_thumb/55e643e737da20b912037cce912305fb.png,Mega Lucario,"Main DPS, 1x",Force Palm,Aura Sphere,Kyurem Black,"Catch Tank, 4x",Dragon tail,Freeze Shock,Keldeo Resolute,"Catch Tank, Executor, 1x",Low Kick,Secret Sword,,,,,,,,,,,,,VOD,https://www.youtube.com/watch?v=K4BRljy1TdY,1 Keldeo makes this raid harder
Darkrai,6 ⭐,Catch Tank,Any,Shadow Ball,Cloudy,https://cdn2.steamgriddb.com/icon_thumb/55e643e737da20b912037cce912305fb.png,Mega Lucario,"Main DPS, 1x",Force Palm,Aura Sphere,Shadow Blaziken,"Catch Tank, Varies",Counter,Aura Sphere,Keldeo Resolute,"Catch Tank, Executor, 2x",Low Kick,Secret Sword,Terrakion,"Executor, 1x",Double Kick,Sacred Sword,,,,,,,,,VOD,https://x.com/HwangOkHone/status/2081334399027810604,CT Sh-Blaziken: 1-2 Aura Sphere per Shadow Ball
Deoxys,4 ⭐,Recycle,Any,Any,Extreme,,Necrozma Dawn Wings,"Main DPS, 1x",Shadow Claw,Moongeist Beam,Necrozma Dawn Wings,"Support DPS, 2x",Shadow Claw,Moongeist Beam,,,,,,,,,,,,,,,,,VOD,https://www.youtube.com/watch?time_continue=1&v=sRJ3bkRJsXo&embeds_referring_euri=https%3A%2F%2Fwww.reddit.com%2F,
Deoxys Attack,1 ⭐,,Any,Any,Extreme,,Various,"Main DPS, 1x",,,,,,,,,,,,,,,,,,,,,,,VOD,https://youtu.be/37hI-95jnZg?si=aWHhqaeSY-lABSaT,
Dialga,7 ⭐,Catch Tank,Dragon Breath,Draco Meteor,Cloudy,https://cdn2.steamgriddb.com/icon_thumb/55e643e737da20b912037cce912305fb.png,Mega Lucario,"Main DPS, 1x",Force Palm,Aura Sphere,Kyurem Black,"Catch Tank, Varies",Dragon tail,Freeze Shock,Eternatus,"Catch Tank, 1x",Poison Jab,Dynamax Cannon,Keldeo Resolute,"Catch Tank, Executor, Varies",Low Kick,Secret Sword,,,,,,,,,,,Possibly 6 star raid
Enamorus Incarnate,3 ⭐,,Any,Any,Snow,,Zacian Crown,"Main DPS, 1x",Metal Claw,Behemoth Blade,Zacian Crown,"Support DPS, 2x",Metal Claw,Behemoth Blade,,,,,,,,,,,,,,,,,,,
Enamorus Incarnate,5 ⭐,Hot Swap,Any,Any,Snow,,Necrozma Dusk Mane,"Main DPS, 1x",Metal Claw,Sunsteel Strike,Necrozma Dusk Mane,"Support DPS, 1x",Metal Claw,Sunsteel Strike,,,,,,,,,,,,,,,,,VOD,https://www.youtube.com/watch?v=KOl7nPTGBVY&,
Enamorus Incarnate,5.5 ⭐,Hot Swap,Any,Any,Extreme,,Zacian Crown,"Main DPS, 1x",Metal Claw,Behemoth Blade,Zacian Crown,"Support DPS, Varies",Metal Claw,Behemoth Blade,Zamazenta Crown,"Executor, 1x",Metal Claw,Behemoth Bash,,,,,,,,,,,,,VOD,https://youtu.be/bIR4NhCL838?si=pABUt3OvRqGejJDA,
Enamorus Therian,4 ⭐,Catch Tank,Any,Moonblast,Snow,https://cdn2.steamgriddb.com/icon_thumb/55e643e737da20b912037cce912305fb.png,Zacian Crown,"Main DPS, 1x",Metal Claw,Behemoth Blade,Kyurem Black,"Catch Tank, 4x",Shadow Claw,Freeze Shock,,,,,,,,,,,,,,,,,VOD,https://www.youtube.com/watch?is=hQ98J0yQqjJSkInS&v=2yNBIdsp70s&feature=youtu.be,
Enamorus Therian,5 ⭐,Hot Swap,Any,Varies,Snow,https://cdn2.steamgriddb.com/icon_thumb/55e643e737da20b912037cce912305fb.png,Zacian Crown,"Main DPS, 1x",Metal Claw,Behemoth Blade,Zacian Crown,"Support DPS, 4x",Metal Claw,Behemoth Blade,Zamazenta Crown,"Executor, 1x",Metal Claw,Behemoth Bash,,,,,,,,,,,,,VOD,https://www.youtube.com/watch?v=ml9Fp9nShpc&lc=Ugwr03aVYcRUHi2B5k14AaABAg,
Enamorus Therian,6 ⭐,CT/TPC,Fairy Wind,Moonblast,Snow,,Zacian Crown,"Main DPS, 1x",Metal Claw,Behemoth Blade,Kyurem Black,"Catch Tank, 5x",Dragon tail,Freeze Shock,,,,,,,,,,,,,,,,,VOD,https://fixupx.com/hwangokhone/status/2022577504163344440,"Requires high rng, hotswap chaining. 7 moonblasts tanked per lobby"
Entei,5 ⭐,Recycle,Any,Flamethrower,Rainy,https://cdn2.steamgriddb.com/icon_thumb/55e643e737da20b912037cce912305fb.png,Primal Kyogre,"Main DPS, 1x",Waterfall,Origin Pulse,Shadow Kyogre,"Support DPS, 1x",Waterfall,Origin Pulse,,,,,,,,,,,,,,,,,VOD,https://www.youtube.com/watch?v=ijryCmsy3LA&embeds_referring_euri=https%3A%2F%2Fwww.reddit.com%2F,
Entei,5 ⭐,Catch Tank,Any,Overheat,Clear,https://cdn2.steamgriddb.com/icon_thumb/55e643e737da20b912037cce912305fb.png,Primal Groudon,"Main DPS, 1x",Mud Shot,Precipice Blades,Shadow Groudon,"Catch Tank, 5x",Mud Shot,Precipice Blades,,,,,,,,,,,,,,,,,VOD,https://www.youtube.com/watch?v=Qddf3rTMCf0,
Genesect,3 ⭐,,Any,Any,Extreme,,Blacephalon,"Main DPS, 1x",Incinerate,Mind Blown,Mega Blaziken,"Support DPS, Executor, 1x",Fire Spin,Blast Burn & Blaze Kick,,,,,,,,,,,,,,,,,VOD,https://youtu.be/hxdwZwtc6L0?si=tu9mKbGLB0Jab--u,"VOD uses ~Lv 45 Pokemon, includes 1 missed blast burn"
Giratina Altered,7 ⭐,Hot Swap,Shadow Claw,Shadow Sneak,Windy,https://cdn2.steamgriddb.com/icon_thumb/55e643e737da20b912037cce912305fb.png,Eternatus,"Main DPS, 1x",Dragon tail,Dynamax Cannon,Necrozma Dawn Wings,"Support DPS, 2x",Psycho Cut,Moongeist Beam,Mega Rayquaza,"Support DPS, 1x, Executor",Dragon Tail,Breaking Swipe,,,,,,,,,,,,,,,
Giratina Origin,4 ⭐,HS/CT,Any,Shadow Ball,Windy,https://cdn2.steamgriddb.com/icon_thumb/55e643e737da20b912037cce912305fb.png,Eternatus,"Main DPS, 1x",Dragon tail,Dynamax Cannon,Mega Rayquaza,"Support DPS, 1x",Dragon tail,Breaking Swipe,Necrozma Dawn Wings,"Support DPS, 1x",Psycho Cut,Moongeist Beam,,,,,,,,,,,,,VOD,https://www.youtube.com/watch?v=Pyg9rGouihE,
Giratina Origin,5 ⭐,Catch Tank,Any,Shadow Ball,Windy,,Eternatus,"Main DPS, 1x",Dragon tail,Dynamax Cannon,Mega Rayquaza,"Support DPS, Executor, 1x",Dragon tail,Breaking Swipe,Necrozma Dawn Wings,"Catch Tank,4x",Psycho Cut,Moongeist Beam,,,,,,,,,,,,,VOD,https://youtu.be/Pyg9rGouihE,
Giratina Origin,5 ⭐,Catch Tank,Any,Shadow Ball,Extreme,https://cdn2.steamgriddb.com/icon_thumb/55e643e737da20b912037cce912305fb.png,Eternatus,"Main DPS, 1x",Dragon tail,Dynamax Cannon,Necrozma Dawn Wings,"Catch Tank, 5x",Psycho Cut,Moongeist Beam,Mega Rayquaza,"Executor, Varies",Dragon tail,Breaking Swipe,,,,,,,,,,,,,VOD,https://tinyurl.com/girasolonwb,
Giratina Origin,6 ⭐,CT/TPC,Dragon tail,Shadow Ball,Extreme,,Eternatus,"Main DPS, 1x",Dragon tail,Dynamax Cannon,Necrozma Dawn Wings,"Catch Tank, 4x",Psycho Cut,Moongeist Beam,Mega Rayquaza,"Support DPS, Executor, 1x",Dragon tail,Breaking swipe,,,,,,,,,,,,,,,Boss needs to spam shadow ball but at right timing
Guzzlord,2 ⭐,,Any,Any,Extreme,,Mega Gardevoir,"Main DPS, 1x",Charm,Dazzling Gleam,,,,,,,,,,,,,,,,,,,,,VOD,https://www.youtube.com/watch?v=nvZpABRwy9s,
Heatran,3 ⭐,,Any,Any,Clear,,Primal Groudon,"Main DPS, 1x",Mud Shot,Precipice Blades,,,,,,,,,,,,,,,,,,,,,VOD,https://www.youtube.com/watch?v=fzse8yp7bkA,"Temp Vod: Faint at 3:53, Lv 42 P-Don but TTW is faster than needed."
Heatran,5.5 ⭐,Catch Tank,Any,Fire Blast,Extreme,,Primal Groudon,"Main DPS, 1x",Mud Shot,Precipice Blades,Shadow Groudon,"Catch Tank, 1x",Mud Shot,Precipice Blades,Landorus Therian,"Catch Tank, 2x",Mud Shot,Sandsear Storm,,,,,,,,,,,,,VOD,https://www.youtube.com/watch?v=XnRKd1AoBkk,
Heatran,5.5 ⭐,Hot Swap,Any,Varies,Extreme,,Primal Groudon,"Main DPS, 1x",Mud Shot,Precipice Blades,Shadow Groudon,"Support DPS, 4x",Mud Shot,Precipice Blades,,,,,,,,,,,,,,,,,,,
Heatran,6 ⭐,HS/TPC,Bug Bite,Earth Power,Extreme,,Primal Groudon,"Main DPS, 1x",Mud Shot,Precipice Blades,Shadow Excadrill,"Catch Tank, 5x",Mud Shot,Earthquake,,,,,,,,,,,,,,,,,VOD,https://youtu.be/EmOO6zAL7wo?si=mx812pDgCgb0PCZA,"Extremely high RNG, over 100+ attempts to achieve."
Ho-Oh,4 ⭐,Catch Tank,Varies,Solar beam,Partly Cloudy,https://cdn2.steamgriddb.com/icon_thumb/55e643e737da20b912037cce912305fb.png,Shadow Rampardos,"Main DPS, 1x",Smack Down,Rock Slide,Shadow Tyrantrum,"Catch Tank, 4x",Rock Throw,Meteor Beam,,,,,,,,,,,,,,,,,VOD,https://www.youtube.com/watch?v=lGT7HzDRXdA,
Ho-Oh,6 ⭐,CT/Hot Swap,Varies,Solar Beam,Partly Cloudy,,Shadow Rampardos,"Main DPS, 1x",Smack Down,Rock Slide,Shadow Rampardos,"Support DPS, 1x",Smack Down,Rock Slide,Shadow Tyrantrum,"Catch Tank, 4x",Rock Throw,Meteor Beam,,,,,,,,,,,,,VOD,https://www.youtube.com/watch?v=FUH7y4R74nE&,
Hoopa Unbound,4 ⭐,Recycle,Astonish,Dark Pulse,Rainy,,Mega heracross,"Main DPS, 1x",Fury Cutter,Megahorn,,,,,,,,,,,,,,,,,,,,,,,Vod will be loaded once H-U released & Fury cutter is added in
Hoopa Unbound,5 ⭐,Recycle,Astonish,Dark Pulse,Rainy,,Mega heracross,"Main DPS, 1x",Struggle Bug,Megahorn,,,,,,,,,,,,,,,,,,,,,VOD,https://www.youtube.com/watch?v=5ozuhwgx1rY,
Kartana,3 ⭐,,Any,Any,Extreme,,Blacephalon,"Main DPS, 1x",Incinerate,Mind Blown,Mega Blaziken,"Support DPS, Executor, 1x",Fire Spin,Blast Burn & Blaze Kick,,,,,,,,,,,,,,,,,VOD,https://www.youtube.com/watch?v=OQgvlCk1A_8,Various moves encourage different counters
Kartana,3 ⭐,,Varies,Varies,Extreme,,Shadow Reshiram,"Main DPS, 1x",Fire Fang,Fusion Flare,Mega Blaziken,"Support DPS, Executor, 1x",Fire Spin,Blast Burn & Blaze Kick,,,,,,,,,,,,,,,,,VOD,https://www.youtube.com/watch?v=OQgvlCk1A_8,Uses lv 50; Blaziken used into Windy Aerial ace as handicap; 268/270 ideal ttw
Kyurem,4 ⭐,Hot Swap,Dragon Breath,Dragon Claw,Snow,,Zacian Crown,"Main DPS, 1x",Metal Claw,Behemoth Blade,Zacian Crown,"Support DPS, Varies",Metal Claw,Behemoth Blade,,,,,,,,,,,,,,,,,VOD,https://www.youtube.com/watch?v=2LXuK7HDmXc&embeds_referring_euri=https%3A%2F%2Fwww.reddit.com%2F,Vod uses 1 Zacian-C
Kyurem,4 ⭐,Hot Swap,Any,Any,Windy,,Eternatus,"Main DPS, 1x",Dragon tail,Dynamax Cannon,Mega Rayquaza,"Support DPS, Executor, 1x",Dragon tail,Breaking Swipe,Zacian Crown,"Support DPS, 2x",Metal Claw,Behemoth Blade,,,,,,,,,,,,,VOD,https://www.youtube.com/watch?v=f-wImHKlhqA,Vod uses sub level 50 pokemon
Kyurem,4 ⭐,Catch Tank,Any,Draco Meteor,Cloudy,,Mega Lucario,"Main DPS, 1x",Force Palm,Aura Sphere,Palkia Origin,"Catch Tank, 4x",Dragon Tail,Spacial Rend,,,,,,,,,,,,,,,,,VOD,https://www.youtube.com/watch?v=oKwBWThN2JU,
Kyurem,5 ⭐,Hot Swap,Any,Any,Extreme,https://cdn2.steamgriddb.com/icon_thumb/55e643e737da20b912037cce912305fb.png,Eternatus,"Main DPS, 1x",Dragon tail,Dynamax Cannon,Mega Rayquaza,"Support DPS, 1x",Dragon tail,Breaking Swipe,Zacian Crown,"Support DPS, 4x",Metal Claw,Behemoth Blade,,,,,,,,,,,,,VOD,https://www.youtube.com/watch?v=NEByFeZE47E&embeds_referring_euri=https%3A%2F%2Fwww.reddit.com%2F,
Kyurem,7 ⭐,Hot Swap,Steel Wing,Blizzard,Extreme,,Eternatus,"Main DPS, 1x",Dynamax Cannon,Dragon tail,Zacian Crown,"Support DPS, 4x",Metal Claw,Behemoth Blade,Mega Lucario,"Support DPS, Executor, 1x",Force Palm,Aura Sphere,,,,,,,,,,,,,,,"Extremely high RNG, max 1 overflowed blizzard, 1 rejoin, BB Luca"
Kyurem Black,5 ⭐,Hot Swap,Shadow Claw,Stone Edge,Cloudy,,Mega Lucario,"Main DPS, 1x",Force Palm,Aura Sphere,Keldeo Resolute,"Support DPS, 1x",Low Kick,Secret Sword,Shadow Blaziken,"Catch Tank, 2x",Counter,Aura Sphere,,,,,,,,,,,,,,,Sheet Uses 1 Mega Lucario & 2 Shadow Blazikens. Keldeo-R can help
Kyurem Black,6 ⭐,Catch Tank,Shadow Claw,Blizzard,Extreme,https://cdn2.steamgriddb.com/icon_thumb/55e643e737da20b912037cce912305fb.png,Mega Lucario,"Main DPS, 1x",Force Palm,Aura Sphere,Eternatus,"Catch Tank, 1x",Dragon tail,Dynamax Cannon,Zacian Crown,"Support DPS, 4x",Metal Claw,Behemoth Blade,,,,,,,,,,,,,VOD,https://www.youtube.com/watch?v=53Iem6tFio8&time_continue=1&source_ve_path=MjM4NTE&embeds_referring_euri=https%3A%2F%2Fwww.reddit.com%2F&embeds_referring_origin=https%3A%2F%2Fwww.reddit.com,
Kyurem Black,6 ⭐,Catch Tank,Shadow Claw,Fusion Bolt,Extreme,https://cdn2.steamgriddb.com/icon_thumb/55e643e737da20b912037cce912305fb.png,Eternatus,"Main DPS, 1x",Dragon tail,Dynamax Cannon,Keldeo Resolute,"Catch Tank, 2x",Low Kick,Secret Sword,Zamazenta Crown,"Catch Tank, 2x",Metal Claw,Behemoth Bash,Mega Lucario,"Support DPS, Executor, 1x",Force Palm,Aura Sphere,,,,,,,,,VOD,https://x.com/HwangOkHone/status/2027084043859435669,
Kyurem White,5 ⭐,Catch Tank,Any,Fusion Flare,Cloudy,,Mega Lucario,"Main DPS, 1x",Force Palm,Aura Sphere,Necrozma Dusk Mane,"Catch Tank, 5x",Metal Claw,Sunsteel Strike,,,,,,,,,,,,,,,,,VOD,https://www.youtube.com/watch?v=POnBg_WcJtw,
Kyurem White,5 ⭐,Catch Tank,Varies,Fusion Flare,Windy,,Mega Rayquaza,"Main DPS, 1x",Dragon tail,Breaking Swipe,Necrozma Dusk Mane,"Catch Tank, 5x",Metal Claw,Sunsteel Strike,,,,,,,,,,,,,,,,,VOD,https://www.youtube.com/watch?v=uIkApRuRhWw,
Kyurem White,5 ⭐,Catch Tank,Any,Fusion Flare,Extreme,https://cdn2.steamgriddb.com/icon_thumb/55e643e737da20b912037cce912305fb.png,Eternatus,"Main DPS, 1x",Dragon tail,Dynamax Cannon,Mega Rayquaza,"Support DPS, 1x",Dragon tail,Breaking Swipe,Necrozma Dusk Mane,"Catch Tank, 4x",Metal Claw,Sunsteel Strike,,,,,,,,,,,,,VOD,https://www.youtube.com/watch?v=HHkdn8m5azU,Mega Rayquaza as secondary DPSer
Landorus Incarnate,4 ⭐,Hot Swap,Any,Any,Extreme,,Kyurem White,"Main DPS, 1x",Ice fang,Ice Burn,Kyurem Black,"Support DPS, Varies",Dragon tail,Freeze Shock,Kyurem White,"Support DPS, Varies",Ice fang,Ice Burn,,,,,,,,,,,,,VOD,https://www.youtube.com/watch?v=FCGz1GrLPQM,
Landorus Therian,4 ⭐,Hot Swap,Any,Any,Extreme,,Kyurem White,"Main DPS, 1x",Ice fang,Ice Burn,Kyurem Black,"Support DPS, Varies",Dragon tail,Freeze Shock,Kyurem White,"Support DPS, Varies",Ice fang,Ice Burn,,,,,,,,,,,,,,,
Latios,5 ⭐,Hot Swap/CT,Dragon Breath,Aura Sphere,Windy,https://cdn2.steamgriddb.com/icon_thumb/55e643e737da20b912037cce912305fb.png,Eternatus,"Main DPS, 1x",Dragon tail,Dynamax Cannon,Mega Rayquaza,"Support DPS, 1x",Dragon tail,Breaking Swipe,Kyurem Black,"Catch Tank, Varies",Dragon tail,Freeze Shock,Baxcalibur,"Catch Tank, Executor, 1x",Dragon Breath,Glaive Rush,,,,,,,,,,,"Baxcalibur as a trailing CT for Aura Sphere, Shadow Garchomp for Solar Beam"
Latios,5.5 ⭐,Double CT,Dragon Breath,Psychic,Windy,https://cdn2.steamgriddb.com/icon_thumb/55e643e737da20b912037cce912305fb.png,Eternatus,"Main DPS, 1x",Dragon tail,Dynamax Cannon,Mega Rayquaza,"Support DPS, 1x",Dragon tail,Breaking Swipe,Kyurem Black,"Catch Tank, 3x",Dragon tail,Freeze Shock,Baxcalibur,"Catch Tank, Executor, 1x",Dragon Breath,Glaive Rush,,,,,,,,,VOD,https://www.youtube.com/watch?v=bnKyS1Yhhno,"Double Catch Tank, Kyurem Black catches 2 psychics (switching in between each)"
Latios,5.5 ⭐,Catch tank,Dragon Breath,Solar Beam,Windy,https://cdn2.steamgriddb.com/icon_thumb/55e643e737da20b912037cce912305fb.png,Eternatus,"Main DPS, 1x",Dragon tail,Dynamax Cannon,Mega Rayquaza,"Support DPS, 1x",Dragon tail,Breaking Swipe,,,,,,,,,,,,,,,,,VOD,https://www.youtube.com/watch?v=_NgMMVU836c,"Maximize Eternatus DPS as much as possible, Mega Rayquaza used mainly for Supporting DPS and Executing at the end"
Lunala,3 ⭐,,Any,Any,Extreme,,Necrozma Dawn Wings,"Main DPS, 1x",Shadow Claw,Moongeist Beam,Necrozma Dawn Wings,"Support DPS, 3x",Shadow Claw,Moongeist Beam,,,,,,,,,,,,,,,,,VOD,https://youtu.be/ssD-yUQGrLg?si=Hb6F1mMTHSSceXgg,
Lunala,5 ⭐,Catch Tank,Air Slash,Moonblast,Extreme,,Mega Gengar,"Main DPS, 1x",Lick,Shadow Ball,Tyranitar,"Catch tank, 5x",Bite,Brutal Swing,,,,,,,,,,,,,,,,,VOD,https://youtu.be/5wrSJzQNi3o?si=hFTlqcCh6WtrH2E8,
Mewtwo,5 ⭐,Recycle,Any,Any,Fog,https://cdn2.steamgriddb.com/icon_thumb/55e643e737da20b912037cce912305fb.png,Necrozma Dawn Wings,"Main DPS, 1x",Shadow Claw,Moongeist Beam,Necrozma Dawn Wings,"Support DPS, 1x",Shadow Claw,Moongeist Beam,,,,,,,,,,,,,,,,,VOD*,https://youtu.be/4qQ3b81Ah20?si=NGqbtUW9l0eQ2iud,Uses a glitched Forever Friend Boost without fog hence by TTW it's a tentative vod
Mewtwo,7 ⭐,TPC/HS,Psycho Cut,Varies,Fog,,Necrozma Dawn Wings,"Main DPS, 1x",Shadow Claw,Moongeist Beam,Necrozma Dawn Wings,"Support DPS, 5x",Shadow Claw,Moongeist Beam,,,,,,,,,,,,,,,,,,,Extremely high RNG
Moltres,4 ⭐,,Any,Any,Extreme,,Shadow Rampardos,"Main DPS, 1x",Smack Down,Rock Slide,Shadow Rampardos,"Support DPS, Executor, 1x",Smack Down,Rock Slide,Shadow Tyrantrum,"Support DPS, 4x",Rock Throw,Meteor Beam,,,,,,,,,,,,,VOD,https://youtu.be/gSvmi5EaQY4?si=zgKpra9RIikqzTY4,TTW Slow Due to 1 missed Meteor beam
Moltres,5 ⭐,Hot Swap,Any,Ancient Power,Extreme,,Shadow Rampardos,"Main DPS, 1x",Smack Down,Rock Slide,Shadow Rampardos,"Support DPS, 1x",Smack Down,Rock Slide,Shadow Tyrantrum,"Catch Tank, 4x",Rock Throw,Meteor Beam,,,,,,,,,,,,,VOD,https://youtu.be/gSvmi5EaQY4,"Vod contains mistakes, TTW is faster"
Necrozma,5 ⭐,Catch Tank,Any,Dark Pulse,Fog,https://cdn2.steamgriddb.com/icon_thumb/55e643e737da20b912037cce912305fb.png,Necrozma Dawn Wings,"Main DPS, 1x",Shadow Claw,Moongeist Beam,Necrozma Dawn Wings,"Catch Tank, 5x",Shadow Claw,Moongeist Beam,,,,,,,,,,,,,,,,,VOD,https://www.youtube.com/watch?v=TA1ikglsJtc&embeds_referring_euri=https%3A%2F%2Fwww.reddit.com%2F,
Necrozma,5.5 ⭐,Hot Swap,Any,Varies,Fog,https://cdn2.steamgriddb.com/icon_thumb/55e643e737da20b912037cce912305fb.png,Necrozma Dawn Wings,"Main DPS, 1x",Shadow Claw,Moongeist Beam,Necrozma Dawn Wings,"Support DPS, 3x",Shadow Claw,Moongeist Beam,Mega Gengar,"Executor, 1x",Lick,Shadow Ball,,,,,,,,,,,,,VOD,https://www.youtube.com/watch?v=6vNd1b9roC0&embeds_referring_euri=https%3A%2F%2Fwww.reddit.com%2F,
Necrozma,6 ⭐,HS/TPC,Varies,Dark Pulse,Fog,,Necrozma Dawn Wings,"Main DPS, 1x",Shadow Claw,Moongeist Beam,Necrozma Dawn Wings,"Catch Tank, 5x",Shadow Claw,Moongeist Beam,,,,,,,,,,,,,,,,,,,Some dodging may be okay.
Necrozma Dawn Wings,4 ⭐,Varies,Any,Any,Extreme,,Necrozma Dawn Wings,"Main DPS, 1x",Shadow Claw,Moongeist Beam,Necrozma Dawn Wings,"Support DPS, 3x",Shadow Claw,Moongeist Beam,,,,,,,,,,,,,,,,,VOD,https://youtu.be/gRt6cRtB7Wc?si=7hMy-apqx6Gz5-T7,
Necrozma Dusk Mane,6 ⭐,CT/TPC,Shadow Claw,Dark Pulse,Fog,https://cdn2.steamgriddb.com/icon_thumb/55e643e737da20b912037cce912305fb.png,Necrozma Dawn Wings,"Main DPS, 1x",Shadow Claw,Moongeist Beam,Necrozma Dawn Wings,"Catch Tank, 5x",Shadow Claw,Moongeist Beam,,,,,,,,,,,,,,,,,VOD,https://youtu.be/0WnoGrPH_Kk,High Cadence RNG required
Nihilego,3 ⭐,,Any,Any,Clear,,Primal Groudon,"Main DPS, 1x",Mud Shot,Precipice Blades,,,,,,,,,,,,,,,,,,,,,VOD,https://youtu.be/j_vh1gu6HWA,
Nihilego,5.5 ⭐,HS/TPC,Any,Any,Extreme,,Primal Groudon,"Main DPS, 1x",Mud Shot,Precipice Blades,Shadow Groudon,"Support DPS, 4x",Mud Shot,Precipice Blades,Shadow Mamoswine,"Catch Tank, Executor, 1x",Mud Slap,High Horsepower,,,,,,,,,,,,,VOD,https://x.com/HwangOkHone/status/2030094653299851759,
Nihilego,5.5 ⭐,HS/TPC,Any,Rock Slide,Extreme,,Primal Groudon,"Main DPS, 1x",Mud Shot,Precipice Blades,Shadow Groudon,"Support DPS, 4x",Mud Shot,Precipice Blades,,,,,,,,,,,,,,,,,VOD,https://youtu.be/B6wbCjdpUL8?si=jgqY3PBCQhElHsXJ,
Nihilego,5.5 ⭐,TPC/CT,Any,Gunk Shot,Extreme,,Primal Groudon,"Main DPS, 1x",Mud Shot,Precipice Blades,Shadow Groudon,"Support DPS, 1x",Mud Shot,Precipice Blades,Shadow Mamoswine,"Catch Tank, 4x",Mud Slap,High Horsepower,,,,,,,,,,,,,VOD,https://www.youtube.com/watch?v=0s-CFlx0ZRU,Double CT
Palkia,6 ⭐,Catch Tank,Dragon Breath,Hydro Pump,Windy,https://cdn2.steamgriddb.com/icon_thumb/55e643e737da20b912037cce912305fb.png,Eternatus,"Main DPS, 1x",Dragon tail,Dynamax Cannon,Mega Rayquaza,"Support DPS, Executor, 1x",Dragon tail,Breaking Swipe,Shadow Garchomp,"Catch Tank, Executor, 3x",Dragon Tail,Breaking Swipe,,,,,,,,,,,,,VOD,https://x.com/hwangokhone/status/2020059558450954262?s=46&t=MtHJoHw2nNGhb4jtXq3o1w,"Uses Shadow CT on a few rejoins, still Eternatus & Mega Ray focused"
Palkia,7 ⭐,Hot Swap,Dragon Breath,Aqua Tail,Windy,https://cdn2.steamgriddb.com/icon_thumb/55e643e737da20b912037cce912305fb.png,Eternatus,"Main DPS, 1x",Dragon tail,Dynamax Cannon,Mega Rayquaza,"Support DPS, 1x",Dragon Tail,Breaking Swipe,,,,,,,,,,,,,,,,,,,"Requires 4 DYN per Rejoin, very hard rng"
Palkia,7 ⭐,Catch Tank,Dragon Breath,Draco Meteor,Windy,https://cdn2.steamgriddb.com/icon_thumb/55e643e737da20b912037cce912305fb.png,Eternatus,"Main DPS, 1x",Dragon tail,Dynamax Cannon,Shadow Dialga,"Catch Tank, 5x",Dragon Breath,Draco Meteor,Mega Garchomp,"Executor, 1x",Dragon Tail,Breaking Swipe,,,,,,,,,,,,,,,Mega Garchomp must be a hundo. Dodging on Etern is okay.
Pheromosa,1 ⭐,Hot Swap,Any,Any,extreme,,Zacian Crown,"Main DPS, 1x",Air Slash,None,Zacian Crown,"Support DPS, 3x",Air Slash,None,,,,,,,,,,,,,,,,,VOD,https://youtu.be/6t_nGflVgmQ?si=8j78DDv_VcgLcKXD,Vod uses fast moves only
Pheromosa,1 ⭐,Recycle,Any,Any,Extreme,,Mega Rayquaza,"Main DPS, 1x",Air Slash,Dragon Ascent,,,,,,,,,,,,,,,,,,,,,VOD,https://www.youtube.com/watch?v=kjUCOqFIfGM,
Rayquaza,3 ⭐,,Any,Any,Extreme,,Kyurem Black,"Main DPS, 1x",Dragon tail,Freeze Shock,Kyurem Black,"Support DPS, 2x",Dragon tail,Freeze Shock,,,,,,,,,,,,,,,,,VOD,https://www.youtube.com/watch?v=Iof5LtDSuIo&t=1s,
Regidrago,3 ⭐,,Any,Any,Extreme,,Eternatus,"Main DPS, 1x",Dragon tail,Dynamax Cannon,,,,,,,,,,,,,,,,,,,,,VOD,https://www.youtube.com/watch?v=1W473d-sALg,
Regieleki,3 ⭐,,Any,Any,Clear,,Primal Groudon,"Main DPS, 1x",Mud Shot,Precipice Blades,,,,,,,,,,,,,,,,,,,,,VOD,https://youtu.be/jp74VB8-k5Y?si=WBbbcNXA_7mm3MyB,
Regieleki,4 ⭐,Catch Tank,Any,Hyper Beam,Partly Cloudy,,Primal Groudon,"Main DPS, 1x",Mud Shot,Precipice Blades,Shadow Mamoswine,"Catch Tank, 5x",Mud Slap,High Horsepower,,,,,,,,,,,,,,,,,VOD,https://www.youtube.com/watch?v=tkESbaWucns,
Regieleki,4 ⭐,,Any,Any,Partly Cloudy,,Shadow Regigigas,"Main DPS, 1x",Hidden Power,Crush Grip,Shadow Regigigas,"Support DPS, 4x",Hidden Power,Crush Grip,,,,,,,,,,,,,,,,,VOD,https://www.youtube.com/watch?v=jsfNFqox9ZA,HP Ground Preferred
Regieleki,5 ⭐,HS/CT,Any,Zap Cannon,Rainy,,Shadow Regigigas,"Main DPS, 1x",Hidden Power Ground,Crush Grip,Shadow Regigigas,"Catch Tank, 4x",Hidden Power,Crush Grip,,,,,,,,,,,,,,,,,VOD,https://fixupx.com/hwangokhone/status/2036715584457777213,
Regieleki,5.5 ⭐,HS/TPC,Lock On,Hyper Beam,Extreme,,Primal Groudon,"Main DPS, 1x",Mud Shot,Precipice Blades,Shadow Groudon,"Catch Tank, 4x",Mud Shot,Precipice Blades,Shadow Regigigas,"Catch Tank, 1x",Hidden Power,Crush Grip,,,,,,,,,,,,,VOD,https://youtu.be/YIpq50d0my4?si=0IJ_ZJKfnLucQkaK,HP Ground Gigas
Regieleki,5.5 ⭐,HS/TPC,Volt Switch,Thunder,Extreme,,Primal Groudon,"Main DPS, 1x",Mud Shot,Precipice Blades,Shadow Regigigas,"Support DPS, 1x",Hidden Power Ground,Crush Grip,Shadow Groudon,"Support DPS, 1x",Mud Shot,Precipice Blades,,,,,,,,,,,,,VOD,https://www.youtube.com/watch?v=QdLQq2vmhQI,"HP Ground Gigas, 1 dodge"
Regigigas,6 ⭐,Hot Swap,Hidden Power Steel,Giga Impact,Cloudy,https://cdn2.steamgriddb.com/icon_thumb/55e643e737da20b912037cce912305fb.png,Mega Lucario,"Main DPS, 1x",Force Palm,Aura Sphere,Shadow Regigigas,"Catch Tank, Varies",Zen headbutt,Crush Grip,Keldeo Resolute,"Catch Tank, Executor, Varies",Low Kick,Secret Sword,,,,,,,,,,,,,VOD,https://x.com/HwangOkHone/status/2074057619774562361,Boss using Hidden Power Ghost Preferred; High def & HP IV's for CT Regigigas
Reshiram,5.5 ⭐,Hot Swap/CT,Fire Fang,Stone Edge,Windy,https://cdn2.steamgriddb.com/icon_thumb/55e643e737da20b912037cce912305fb.png,Eternatus,"Main DPS, 1x",Dragon tail,Dynamax Cannon,Mega Rayquaza,"Support DPS, 1x",Dragon tail,Breaking Swipe,Shadow Salamence,"Catch Tank, 4x",Dragon Tail,Draco Meteor,,,,,,,,,,,,,VOD,https://www.youtube.com/watch?time_continue=299&v=soM2IvRyFgo&embeds_referring_euri=https%3A%2F%2Fwww.reddit.com%2F,Mega Rayquaza used as a Catch tank
Reshiram,6 ⭐,Catch Tank,Fire Fang,Overheat,Windy,https://cdn2.steamgriddb.com/icon_thumb/55e643e737da20b912037cce912305fb.png,Eternatus,"Main DPS, 1x",Dragon tail,Dynamax Cannon,Mega Rayquaza,"Support DPS, Executor, 1x",Dragon tail,Breaking Swipe,Shadow Regigigas,"Catch Tank, 2x",Hidden power,Crush Grip,Shadow Dialga,"Catch Tank, 2x",Dragon Breath,Draco Meteor,,,,,,,,,VOD,https://www.youtube.com/watch?v=rayU7NEH9j4,
Reshiram,6 ⭐,Catch Tank,Fire Fang,Draco Meteor,Windy,https://cdn2.steamgriddb.com/icon_thumb/55e643e737da20b912037cce912305fb.png,Eternatus,"Main DPS, 1x",Dragon tail,Dynamax Cannon,Mega Garchomp,"Catch Tank, Executor, 1x",Dragon tail,Breaking Swipe,Shadow Regigigas,"Catch Tank, 3x",Hidden power,Crush Grip,Shadow Dialga,"Catch Tank, 1x",Dragon Breath,Draco Meteor,,,,,,,,,VOD,https://x.com/HwangOkHone/status/2062521353690038686?s=20,
Solgaleo,5 ⭐,Hot Swap,Any,Any,Fog,https://cdn2.steamgriddb.com/icon_thumb/55e643e737da20b912037cce912305fb.png,Necrozma Dawn Wings,"Main DPS, 1x",Shadow Claw,Moongeist Beam,Necrozma Dawn Wings,"Support DPS, 3x",Shadow Claw,Moongeist Beam,,,,,,,,,,,,,,,,,VOD,https://www.youtube.com/watch?v=ySNvSSKyzuk,1-2 rejoin
Solgaleo,5.5 ⭐,Hot Swap,Any,Any,Clear,https://cdn2.steamgriddb.com/icon_thumb/55e643e737da20b912037cce912305fb.png,Blacephalon,"Main DPS, 1x",Incinerate,Mind Blown,Shadow Reshiram,"Support DPS, 4x",Fire Fang,Fusion Flare,Mega Blaziken,"Executor, 1x",Fire Spin,Blast Burn & Blaze Kick,,,,,,,,,,,,,VOD,https://fixupx.com/hwangokhone/status/2079683059105063193?s=46,0 Rejoin angle vs Flamethrower
Solgaleo,5.5 ⭐,Catch Tank,Fire Spin,Solar Beam,Clear,https://cdn2.steamgriddb.com/icon_thumb/55e643e737da20b912037cce912305fb.png,Shadow Reshiram,"Main DPS, 1x",Fire Fang,Fusion Flare,Shadow Reshiram,"Support DPS, 1x",Fire Fang,Fusion Flare,Necrozma Dawn Wings,"Catch Tank, Varies",Psycho Cut,Moongeist Beam,Mega Blaziken,"Executor, 1x",Fire Spin,Blast Burn & Blaze Kick,,,,,,,,,VOD,https://youtu.be/RZFvX_u-4lM,"NDW runs psycho cut, 1 rejoin. Mega Blaziken has blaze kick for additional execute potential. Breakpoint on reshi fast moves."
Solgaleo,6 ⭐,Hot Swap,Fire Spin,Psychic Fangs,Clear,https://cdn2.steamgriddb.com/icon_thumb/55e643e737da20b912037cce912305fb.png,Blacephalon,"Main DPS, 1x",Incinerate,Mind Blown,Blacephalon,"Support DPS, 4x",Incinerate,Mind Blown,Mega Blaziken,"Executor, 1x",Fire Spin,Blast Burn & Blaze Kick,,,,,,,,,,,,,VOD,https://fixupx.com/hwangokhone/status/2023586344761794920?s=46&t=MtHJoHw2nNGhb4jtXq3o1w,"Damage is there, however RNG & Control isn't. Very Hard"
Stakataka,6 ⭐,Recycle,Any,Stone Edge,Cloudy,,Mega Lucario,"Main DPS, 1x",Force Palm,Aura Sphere,,,,,,,,,,,,,,,,,,,,,VOD,https://www.youtube.com/watch?v=kX828Lm2U2M,
Tapu Bulu,4 ⭐,Recycle,Any,Any,Cloudy,https://cdn2.steamgriddb.com/icon_thumb/55e643e737da20b912037cce912305fb.png,Mega Beedrill,"Main DPS, 1x",Poison jab,Sludge Bomb,,,,,,,,,,,,,,,,,,,,,VOD,https://youtu.be/p440Ino_F4w?si=8uOHWCgJVSlCOr_j,
Tapu Bulu,5.5 ⭐,Catch Tank,Any,Dazzling Gleam,Cloudy,,Mega Beedrill,"Main DPS, 1x",Poison Jab,Sludge Bomb,Shadow Gengar,"Catch Tank, 5x",Lick,Sludge Bomb,,,,,,,,,,,,,,,,,VOD,https://www.youtube.com/watch?v=OfYJEWa5h7k,
Tapu Bulu,5.5 ⭐,Hot Swap,Rock Smash,Grass Knot,Cloudy,,Mega Beedrill,"Main DPS, 1x",Poison Jab,Sludge Bomb,Eternatus,"Support DPS, 1x",Poison Jab,Sludge Bomb,,,,,,,,,,,,,,,,,VOD,https://www.youtube.com/watch?v=4Mn2gsBFU8Y&embeds_referring_euri=https%3A%2F%2Fwww.reddit.com%2F,
Tapu Bulu,5.5 ⭐,Catch Tank,Bullet Seed,Solar Beam,Windy,https://cdn2.steamgriddb.com/icon_thumb/55e643e737da20b912037cce912305fb.png,Mega Rayquaza,"Main DPS, 1x",Air Slash,Dragon Ascent,Shadow Gengar,"Catch Tank, 4x",Shadow Claw,Sludge Bomb,,,,,,,,,,,,,,,,,VOD,https://youtu.be/aObPtqHi9D4,Gengar swapped in early to build energy for 2 sludge bombs.
Tapu Koko,6 ⭐,HS/TPC/CT,Volt Switch,Brave Bird,Clear,https://cdn2.steamgriddb.com/icon_thumb/55e643e737da20b912037cce912305fb.png,Primal Groudon,"Main DPS, 1x",Mud Shot,Precipice Blades,Shadow Groudon,"Catch Tank, 4x",Mud Shot,Precipice Blades,Shadow Mamoswine,"Executor, Catch Tank, 1x",Mud Slap,High Horsepower,,,,,,,,,,,,,VOD,https://fixupx.com/hwangokhone/status/2046937324391641449/en,"Due to TPC, this is very mechanically intensive"
Tapu Lele,5 ⭐,Hot Swap,Any,Focus Blast,Snow,https://cdn2.steamgriddb.com/icon_thumb/55e643e737da20b912037cce912305fb.png,Zacian Crown,"Main DPS, 1x",Metal Claw,Behemoth Blade,Zacian Crown,"Support DPS, 4x",Metal Claw,Behemoth Blade,Zamazenta Crown,"Executor, 1x",Metal Claw,Behemoth Bash,,,,,,,,,,,,,VOD,https://x.com/HwangOkHone/status/1988032354842275990,
Tapu Lele,5 ⭐,HS/TPC,Any,Varies,Snow,https://cdn2.steamgriddb.com/icon_thumb/55e643e737da20b912037cce912305fb.png,Zacian Crown,"Main DPS, 1x",Metal Claw,Behemoth Blade,Zacian Crown,"Support DPS, 5x",Metal Claw,Behemoth Blade,,,,,,,,,,,,,,,,,VOD,https://youtu.be/ki0JY_ATAuM?si=gVuFfm46C6Pi0LRQ,TPC pushes this raid to a faster TTW
Terrakion,4 ⭐,Hot Swap,Any,Any,Snow,,Zacian Crown,"Main DPS, 1x",Metal Claw,Behemoth Blade,Zacian Crown,"Support DPS, 3x",Metal Claw,Behemoth Blade,,,,,,,,,,,,,,,,,,,
Terrakion,5 ⭐,Hot Swap,Any,Any,Windy,,Mega Mewtwo Y,"Main DPS, 1x",Confusion,Psystrike,Shadow Mewtwo,"Support DPS, 5x",Confusion,Psystrike,,,,,,,,,,,,,,,,,VOD,https://youtu.be/7F2qieKGtD4,
Terrakion,5 ⭐,Hot Swap,Any,Close Combat,Windy,https://cdn2.steamgriddb.com/icon_thumb/55e643e737da20b912037cce912305fb.png,Shadow Mewtwo,"Main DPS, 1x",Psycho Cut,Psystrike,Shadow Mewtwo,"Support DPS, 4x, Executor",Psycho Cut,Psystrike,Mega Alakazam,"Executor, 1x",Psycho Cut,Psychic,,,,,,,,,,,,,VOD,https://www.youtube.com/watch?v=nDEJ3yplqjE&t=323s,
Terrakion,5 ⭐,Recycle,Varies,Rock Slide,Cloudy,https://cdn2.steamgriddb.com/icon_thumb/55e643e737da20b912037cce912305fb.png,Mega Lucario,"Main DPS, 1x",Force Palm,Aura Sphere,,,,,,,,,,,,,,,,,,,,,VOD,https://x.com/i/status/1944797484967932215,
Terrakion,5 ⭐,Hot Swap,Varies,Earthquake,Cloudy,https://cdn2.steamgriddb.com/icon_thumb/55e643e737da20b912037cce912305fb.png,Mega Lucario,"Main DPS, 1x",Force Palm,Aura Sphere,Necrozma Dusk Mane,"Catch Tank, 3x",Metal Claw,Sunsteel strike,Zacian Crown,"Catch Tank, 2x",Metal Claw,Behemoth Blade,,,,,,,,,,,,,VOD,https://www.youtube.com/watch?v=Cwl_hVuJdAw,
Terrakion,5 ⭐,Hot Swap,Varies,Earthquake,Clear,https://cdn2.steamgriddb.com/icon_thumb/55e643e737da20b912037cce912305fb.png,Mega Mewtwo Y,"Main DPS, 1x",Psycho Cut,Psystrike,Necrozma Dusk Mane,"Catch Tank, 1x",Psycho Cut,Sunsteel strike,Zacian Crown,"Catch Tank, 4x",Metal Claw,Behemoth Blade,,,,,,,,,,,,,VOD,https://youtu.be/dvfu3hOlgKY,
Terrakion,5 ⭐,Hot Swap,Varies,Earthquake,Extreme,https://cdn2.steamgriddb.com/icon_thumb/55e643e737da20b912037cce912305fb.png,Mega Mewtwo Y,"Main DPS, 1x",Confusion,Psystrike,Necrozma Dusk Mane,"Catch Tank, 5x",Psycho Cut,Sunsteel strike,,,,,,,,,,,,,,,,,VOD,https://www.youtube.com/watch?v=A0PLSX-1eCM&t=2s,
Terrakion,6 ⭐,HS/TPC,Varies,Earthquake,Clear,https://cdn2.steamgriddb.com/icon_thumb/55e643e737da20b912037cce912305fb.png,Zacian Crown,"Main DPS, 1x",Metal Claw,Behemoth Blade,Necrozma Dusk Mane,"Catch Tank, 5x",Psycho Cut,Sunsteel Strike,,,,,,,,,,,,,,,,,VOD,https://x.com/22storm77pg/status/1945454151510749225,Zacian-C catch tank can also be used to lesser effectiveness
Terrakion,6 ⭐,HS/TPC,Varies,Earthquake,Clear,https://cdn2.steamgriddb.com/icon_thumb/55e643e737da20b912037cce912305fb.png,Primal Groudon,"Main DPS, 1x",Mud Shot,Precipice Blades,Necrozma Dusk Mane,"Catch Tank, 3x",Psycho Cut,Sunsteel Strike,Zacian Crown,"Catch Tank, 2x",Metal Claw,Behemoth Blade,,,,,,,,,,,,,VOD,https://www.youtube.com/watch?v=60ckEUuAoMA,
Thundurus Incarnate,4 ⭐,Hot Swap,Any,Any,Snow,https://cdn2.steamgriddb.com/icon_thumb/55e643e737da20b912037cce912305fb.png,Kyurem White,"Main DPS, 1x",Ice Fang,Ice Burn,Kyurem White,"Support DPS, 2x",Ice Fang,Ice Burn,,,,,,,,,,,,,,,,,VOD,https://www.youtube.com/watch?v=MHDtipHN8bs,
Thundurus Incarnate,6 ⭐,Hot Swap,Any,Varies,Snow,,Kyurem White,"Main DPS, 1x",Ice fang,Ice Burn,Kyurem White,"Support DPS, 5x",Ice fang,Ice Burn,,,,,,,,,,,,,,,,,VOD,https://www.reddit.com/r/TheSilphRoad/comments/1qeu621/thundurusincarnate_solo_snow_no_adventure_effect/,"< 3.2 Cadence, 1 Rejoin, Brick break Easiest"
Thundurus Therian,4 ⭐,Catch Tank,Any,Focus Blast,Snow,,Kyurem White,"Main DPS, 1x",Ice fang,Ice Burn,Kyurem Black,"Catch Tank, 5x",Dragon tail,Freeze Shock,,,,,,,,,,,,,,,,,VOD,https://www.youtube.com/watch?v=dir-tYRRbCo,
Thundurus Therian,5 ⭐,Hot Swap,Any,Varies,Snow,,Kyurem White,"Main DPS, 1x",Ice fang,Ice Burn,Kyurem White,"Support DPS, 4x",Ice fang,Ice Burn,,,,,,,,,,,,,,,,,,,
Thundurus Therian,5 ⭐,Catch Tank,Bite,Focus Blast,Partly Cloudy,,Shadow Regigigas,"Main DPS, 1x",Hidden Power Ro,Crush Grip,Shadow Regigigas,"Catch Tank, 4x",Hidden Power,Crush Grip,Shadow Rampardos,"Executor, 1x",Smack Down,Rock Slide,,,,,,,,,,,,,,,
Tornadus Incarnate,4 ⭐,Hot Swap,Any,Any,Snow,https://cdn2.steamgriddb.com/icon_thumb/55e643e737da20b912037cce912305fb.png,Kyurem White,"Main DPS, 1x",Ice Fang,Ice Burn,Kyurem White,"Support DPS, 3x",Ice Fang,Ice Burn,,,,,,,,,,,,,,,,,VOD,https://youtu.be/9XGM-pr1hs8?si=q_82hIxoUqx0ceLQ,6 Kyurem is not needed & Vod intentionally includes mistakes
Tornadus Incarnate,5 ⭐,Catch tank,Bite,Hyper Beam,Partly Cloudy,https://cdn2.steamgriddb.com/icon_thumb/55e643e737da20b912037cce912305fb.png,Shadow Regigigas,"Main DPS, 1x",Hidden Power Rock,Crush Grip,Shadow Regigigas,"Support DPS, 4x",Hidden Power Rock,Crush Grip,Shadow Rampardos,"Executor, 1x",Smack Down,Rock Slide,,,,,,,,,,,,,VOD,https://www.youtube.com/watch?v=117yP8J0yFQ&feature=youtu.be,
Tornadus Incarnate,5 ⭐,Catch Tank,Bite,Hyper Beam,Rainy,https://cdn2.steamgriddb.com/icon_thumb/55e643e737da20b912037cce912305fb.png,Mega Raichu Y,"Main DPS, 1x",Thunder Shock,Wild Charge,Regieleki,"Catch Tank, 5x",Lock On,Thunder Cage,,,,,,,,,,,,,,,,,,,
Tornadus Incarnate,5.5 ⭐,HS/TPC,Bite,Varies,Rainy,https://cdn2.steamgriddb.com/icon_thumb/55e643e737da20b912037cce912305fb.png,Regieleki,"Main DPS, 1x",Lock On,Thunder Cage,Regieleki,"Catch Tank, 5x",Lock On,Thunder Cage,Shadow Rampardos,"Executor, 1x",Smack Down,Rock Slide,,,,,,,,,,,,,VOD,https://www.youtube.com/watch?v=73-n5B53tOU,Shadow Rampardos used to execute at low hp. Uses level 40s
Tornadus Incarnate,6 ⭐,Hot Swap,Bite,Any,Snow,,Kyurem White,"Main DPS, 1x",Ice fang,Ice Burn,Kyurem White,"Support DPS, 4x",Ice fang,Ice Burn,,,,,,,,,,,,,,,,,VOD,https://www.youtube.com/watch?v=-6jU-5N2Hd4&embeds_referring_euri=https%3A%2F%2Fwww.reddit.com%2F,Needs Aggressive Cadence
Tornadus Incarnate,6 ⭐,CT/TPC,Any,Hyper Beam,Rainy,,Regieleki,"Main DPS, 1x",Lock On,Thunder Cage,Regieleki,"Catch Tank, 5x",Lock On,Thunder Cage,,,,,,,,,,,,,,,,,,,All near Lv 50. 1 Dodge allowed on Main Eleki
Tornadus Therian,6 ⭐,DBP,Gust,Focus Blast,Snow,https://cdn2.steamgriddb.com/icon_thumb/55e643e737da20b912037cce912305fb.png,Kyurem White,"Main DPS, 1x",Ice Fang,Ice Burn,Kyurem Black,"Catch Tank, 5x",Dragon tail,Freeze Shock,,,,,,,,,,,,,,,,,,,Aggressive Cadence Required (2.0 gust per focus blast)
Tornadus Therian,7 ⭐,Catch Tank,Astonish,Focus Blast,Partly Cloudy,https://cdn2.steamgriddb.com/icon_thumb/55e643e737da20b912037cce912305fb.png,Shadow Regigigas,"Main DPS, 1x",Hidden Power Rock,Crush Grip,Shadow Regigigas,"Catch Tank, 5x",Hidden Power Rock,Crush Grip,Shadow Rampardos,"Executor, 1x",Smack Down,Rock Slide,,,,,,,,,,,,,,,BB Main Shadow Gigas w/ 14 attack breakpoint; HP Rock; Rampardos to execute
Virizion,3 ⭐,,Any,Any,Extreme,,Mega Rayquaza,"Main DPS, 1x",Air Slash,Dragon Ascent,,,,,,,,,,,,,,,,,,,,,VOD,https://www.youtube.com/watch?v=BS4tici_rFY,
Xerneas,4 ⭐,Hot Swap,Any,Any,Snow,,Zacian Crown,"Main DPS, 1x",Metal Claw,Behemoth Blade,Zacian Crown,"Support DPS, 4x",Metal Claw,Behemoth Blade,,,,,,,,,,,,,,,,,VOD,https://www.youtube.com/watch?v=3qZuAfNK7mA,Slow TTW due to 1t fast move bug
Xerneas,6 ⭐,Varies,Tackle,Close Combat,Cloudy,https://cdn2.steamgriddb.com/icon_thumb/55e643e737da20b912037cce912305fb.png,Zacian Crown,"Main DPS, 1x",Metal Claw,Behemoth Blade,Zacian Crown,"Support DPS, Varies",Metal Claw,Behemoth Blade,Zamazenta Crown,"Catch Tank, Varies",Metal Claw,Behemoth Bash,,,,,,,,,,,,,,,
Xerneas,6 ⭐,CT/TPC,Zen Headbutt,Giga Impact,Partly Cloudy,https://cdn2.steamgriddb.com/icon_thumb/55e643e737da20b912037cce912305fb.png,Zacian Crown,"Main DPS, 1x",Metal Claw,Behemoth Blade,Shadow Regigigas,"Catch Tank, 5x",Hidden Power,Crush Grip,,,,,,,,,,,,,,,,,,,"High RNG. Any HP, 14 or lower def @ lvl 50 for Gigas CT"
Xurkitree,5 ⭐,Recycle,Any,Any,Clear,,Primal Groudon,"Main DPS, 1x",Mud Shot,Precipice Blades,,,,,,,,,,,,,,,,,,,,,VOD,https://www.youtube.com/watch?v=X8twYdC-Kbg,
Xurkitree,5.5 ⭐,Hot Swap/CT,Any,Power Whip,Extreme,https://cdn2.steamgriddb.com/icon_thumb/55e643e737da20b912037cce912305fb.png,Primal Groudon,"Main DPS, 1x",Mud Shot,Precipice Blades,Shadow Mamoswine,"Catch Tank, 5x",Mud Slap,High horsepower,,,,,,,,,,,,,,,,,VOD,https://www.youtube.com/watch?v=t4w2MLVhGj4&embeds_referring_euri=https%3A%2F%2Fwww.reddit.com%2F,Shadow Mamoswine is unaffected by Resolve bug. Precise CT
Xurkitree,6 ⭐,HS/TPC,Any,Power Whip,Extreme,https://cdn2.steamgriddb.com/icon_thumb/55e643e737da20b912037cce912305fb.png,Primal Groudon,"Main DPS, 1x",Mud Shot,Precipice Blades,Shadow Groudon,"Catch Tank, 5x",Mud Shot,Precipice Blades,,,,,,,,,,,,,,,,,VOD,https://www.youtube.com/watch?v=WEy7uUXCz-U,"Shadow Groudon is affected by Resolve bug, making this harder"
Yveltal,4 ⭐,Catch Tank,Any,Focus Blast,Snow,https://cdn2.steamgriddb.com/icon_thumb/55e643e737da20b912037cce912305fb.png,Kyurem White,"Main DPS, 1x",Ice Fang,Ice Burn,Kyurem Black,"Catch Tank, 4x",Dragon tail,Freeze Shock,,,,,,,,,,,,,,,,,VOD,https://www.youtube.com/watch?v=4RTsw1rcPYY,Vod has lots of mistakes
Yveltal,5 ⭐,Catch Tank,Any,Hyper Beam,Rainy,https://cdn2.steamgriddb.com/icon_thumb/55e643e737da20b912037cce912305fb.png,Mega Raichu Y,"Main DPS, 1x",Thunder Shock,Wild Charge,Regieleki,"Catch Tank, 5x",Lock On,Thunder Cage,,,,,,,,,,,,,,,,,,,
Yveltal,5 ⭐,Catch Tank,Any,Focus Blast,Partly Cloudy,https://cdn2.steamgriddb.com/icon_thumb/55e643e737da20b912037cce912305fb.png,Shadow Rampardos,"Main DPS, 1x",Smack Down,Rock Slide,Shadow Regigigas,"Catch Tank, 5x",Hidden Power Rock,Crush Grip,,,,,,,,,,,,,,,,,,,
Zamazenta Hero,6 ⭐,Catch Tank,Metal Claw,Moonblast,Windy,https://cdn2.steamgriddb.com/icon_thumb/55e643e737da20b912037cce912305fb.png,Mega Mewtwo Y,"Main DPS, 1x",Confusion,Psystrike,Shadow Salamence,"Catch Tank, 5x",Dragon tail,Fly,,,,,,,,,,,,,,,,,,,2.9 rejoins. Lv 49 Shadow Salamence. 2 Fly per Moonblast
Zapdos,6 ⭐,Hot Swap,Any,Zap Cannon,Snow,https://cdn2.steamgriddb.com/icon_thumb/55e643e737da20b912037cce912305fb.png,Kyurem White,"Main DPS, 1x",Ice Fang,Ice Burn,Kyurem White,"Support DPS, 5x",Ice Fang,Ice Burn,,,,,,,,,,,,,,,,,VOD,https://www.youtube.com/watch?v=h8ldhgMS-U4&embeds_referring_euri=https%3A%2F%2Fwww.reddit.com%2F,1.8 - 1.9 Rejoins
Zekrom,4 ⭐,Hot Swap/CT,Any,Outrage,Windy,https://cdn2.steamgriddb.com/icon_thumb/55e643e737da20b912037cce912305fb.png,Eternatus,"Main DPS, 1x",Dragon tail,Dynamax Cannon,Mega Rayquaza,"Support DPS, 1x",Dragon tail,Breaking Swipe,Kyurem Black,"Catch Tank, 4x",Dragon tail,Freeze Shock,,,,,,,,,,,,,VOD,https://www.reddit.com/r/TheSilphRoad/comments/1psk02l/zekrom_solo_ae_windy_dragon_breathoutrage/,Dragon Breath + Outrage/Wild Charge is tough
Zekrom,5.5 ⭐,Hot Swap/CT,Charge Beam,Flash Cannon,Windy,https://cdn2.steamgriddb.com/icon_thumb/55e643e737da20b912037cce912305fb.png,Eternatus,"Main DPS, 1x",Dragon tail,Dynamax Cannon,Mega Rayquaza,"Support DPS, 1x",Dragon tail,Breaking Swipe,Kyurem Black,"Catch Tank, 3x",Dragon tail,Freeze Shock,,,,,,,,,,,,,VOD,https://www.youtube.com/watch?v=Di-45hrraHo&feature=youtu.be,
Zekrom,6 ⭐,CT/HS Chain,Dragon Breath,Outrage,Windy,,Eternatus,"Main DPS, 1x",Dragon tail,Dynamax Cannon,Mega Rayquaza,"Support DPS, Executor, 1x",Dragon tail,Breaking Swipe,Kyurem Black,"Catch Tank, 4x",Dragon Tail,Freeze Shock,,,,,,,,,,,,,VOD,https://www.youtube.com/watch?v=yE9rDs5_ETw,"1 B2B outrage per cycle, Eternatus Tanks 1 Outrage, 7t CT. No lag"
